file,line,type,commit,author,date,time,timezone,datetime,depth,length
style.css,1,css,5e616777,kyle-flores,2025-04-04,15:46:07,-07:00,2025-04-04T15:46:07-07:00,0,5
style.css,2,css,baa5cece,kyle-flores,2025-05-03,10:38:43,-07:00,2025-05-03T10:38:43-07:00,0,24
style.css,3,css,baa5cece,kyle-flores,2025-05-03,10:38:43,-07:00,2025-05-03T10:38:43-07:00,0,16
style.css,4,css,baa5cece,kyle-flores,2025-05-03,10:38:43,-07:00,2025-05-03T10:38:43-07:00,0,19
style.css,5,css,baa5cece,kyle-flores,2025-05-03,10:38:43,-07:00,2025-05-03T10:38:43-07:00,0,13
style.css,6,css,baa5cece,kyle-flores,2025-05-03,10:38:43,-07:00,2025-05-03T10:38:43-07:00,0,0
style.css,7,css,c175c5e3,kyle-flores,2025-04-11,15:31:09,-07:00,2025-04-11T15:31:09-07:00,0,0
style.css,8,css,c175c5e3,kyle-flores,2025-04-11,15:31:09,-07:00,2025-04-11T15:31:09-07:00,0,6
style.css,9,css,c175c5e3,kyle-flores,2025-04-11,15:31:09,-07:00,2025-04-11T15:31:09-07:00,0,7
style.css,10,css,c175c5e3,kyle-flores,2025-04-11,15:31:09,-07:00,2025-04-11T15:31:09-07:00,0,17
style.css,11,css,c175c5e3,kyle-flores,2025-04-11,15:31:09,-07:00,2025-04-11T15:31:09-07:00,0,0
style.css,12,css,c175c5e3,kyle-flores,2025-04-11,15:31:09,-07:00,2025-04-11T15:31:09-07:00,0,0
style.css,13,css,c175c5e3,kyle-flores,2025-04-11,15:31:09,-07:00,2025-04-11T15:31:09-07:00,0,4
style.css,14,css,c175c5e3,kyle-flores,2025-04-11,15:31:09,-07:00,2025-04-11T15:31:09-07:00,0,13
style.css,15,css,c175c5e3,kyle-flores,2025-04-11,15:31:09,-07:00,2025-04-11T15:31:09-07:00,0,18
style.css,16,css,f4e3ce5b,kyle-flores,2025-04-18,16:47:21,-07:00,2025-04-18T16:47:21-07:00,0,40
style.css,17,css,f4e3ce5b,kyle-flores,2025-04-18,16:47:21,-07:00,2025-04-18T16:47:21-07:00,0,48
style.css,18,css,f4e3ce5b,kyle-flores,2025-04-18,16:47:21,-07:00,2025-04-18T16:47:21-07:00,0,44
style.css,19,css,c175c5e3,kyle-flores,2025-04-11,15:31:09,-07:00,2025-04-11T15:31:09-07:00,0,0
style.css,20,css,c175c5e3,kyle-flores,2025-04-11,15:31:09,-07:00,2025-04-11T15:31:09-07:00,0,0
style.css,21,css,c175c5e3,kyle-flores,2025-04-11,15:31:09,-07:00,2025-04-11T15:31:09-07:00,0,6
style.css,22,css,c175c5e3,kyle-flores,2025-04-11,15:31:09,-07:00,2025-04-11T15:31:09-07:00,0,7
style.css,23,css,c175c5e3,kyle-flores,2025-04-11,15:31:09,-07:00,2025-04-11T15:31:09-07:00,0,21
style.css,24,css,c175c5e3,kyle-flores,2025-04-11,15:31:09,-07:00,2025-04-11T15:31:09-07:00,0,14
style.css,25,css,c175c5e3,kyle-flores,2025-04-11,15:31:09,-07:00,2025-04-11T15:31:09-07:00,0,18
style.css,26,css,c175c5e3,kyle-flores,2025-04-11,15:31:09,-07:00,2025-04-11T15:31:09-07:00,0,14
style.css,27,css,c175c5e3,kyle-flores,2025-04-11,15:31:09,-07:00,2025-04-11T15:31:09-07:00,0,0
style.css,28,css,c175c5e3,kyle-flores,2025-04-11,15:31:09,-07:00,2025-04-11T15:31:09-07:00,0,0
style.css,29,css,c175c5e3,kyle-flores,2025-04-11,15:31:09,-07:00,2025-04-11T15:31:09-07:00,0,14
style.css,30,css,c175c5e3,kyle-flores,2025-04-11,15:31:09,-07:00,2025-04-11T15:31:09-07:00,0,44
style.css,31,css,c175c5e3,kyle-flores,2025-04-11,15:31:09,-07:00,2025-04-11T15:31:09-07:00,0,0
style.css,32,css,c175c5e3,kyle-flores,2025-04-11,15:31:09,-07:00,2025-04-11T15:31:09-07:00,0,0
style.css,33,css,c175c5e3,kyle-flores,2025-04-11,15:31:09,-07:00,2025-04-11T15:31:09-07:00,0,6
style.css,34,css,c175c5e3,kyle-flores,2025-04-11,15:31:09,-07:00,2025-04-11T15:31:09-07:00,0,34
style.css,35,css,f4e3ce5b,kyle-flores,2025-04-18,16:47:21,-07:00,2025-04-18T16:47:21-07:00,0,24
style.css,36,css,c175c5e3,kyle-flores,2025-04-11,15:31:09,-07:00,2025-04-11T15:31:09-07:00,0,0
style.css,37,css,c175c5e3,kyle-flores,2025-04-11,15:31:09,-07:00,2025-04-11T15:31:09-07:00,0,0
style.css,38,css,c175c5e3,kyle-flores,2025-04-11,15:31:09,-07:00,2025-04-11T15:31:09-07:00,0,5
style.css,39,css,c175c5e3,kyle-flores,2025-04-11,15:31:09,-07:00,2025-04-11T15:31:09-07:00,0,33
style.css,40,css,f4e3ce5b,kyle-flores,2025-04-18,16:47:21,-07:00,2025-04-18T16:47:21-07:00,0,41
style.css,41,css,f4e3ce5b,kyle-flores,2025-04-18,16:47:21,-07:00,2025-04-18T16:47:21-07:00,0,17
style.css,42,css,f4e3ce5b,kyle-flores,2025-04-18,16:47:21,-07:00,2025-04-18T16:47:21-07:00,0,0
style.css,43,css,f4e3ce5b,kyle-flores,2025-04-18,16:47:21,-07:00,2025-04-18T16:47:21-07:00,0,0
style.css,44,css,f4e3ce5b,kyle-flores,2025-04-18,16:47:21,-07:00,2025-04-18T16:47:21-07:00,0,24
style.css,45,css,f4e3ce5b,kyle-flores,2025-04-18,16:47:21,-07:00,2025-04-18T16:47:21-07:00,0,37
style.css,46,css,c175c5e3,kyle-flores,2025-04-11,15:31:09,-07:00,2025-04-11T15:31:09-07:00,0,0
style.css,47,css,c175c5e3,kyle-flores,2025-04-11,15:31:09,-07:00,2025-04-11T15:31:09-07:00,0,0
style.css,48,css,c175c5e3,kyle-flores,2025-04-11,15:31:09,-07:00,2025-04-11T15:31:09-07:00,0,12
style.css,49,css,f4e3ce5b,kyle-flores,2025-04-18,16:47:21,-07:00,2025-04-18T16:47:21-07:00,0,42
style.css,50,css,c175c5e3,kyle-flores,2025-04-11,15:31:09,-07:00,2025-04-11T15:31:09-07:00,0,46
style.css,51,css,c175c5e3,kyle-flores,2025-04-11,15:31:09,-07:00,2025-04-11T15:31:09-07:00,0,0
style.css,52,css,c175c5e3,kyle-flores,2025-04-11,15:31:09,-07:00,2025-04-11T15:31:09-07:00,0,0
style.css,53,css,c175c5e3,kyle-flores,2025-04-11,15:31:09,-07:00,2025-04-11T15:31:09-07:00,0,5
style.css,54,css,c175c5e3,kyle-flores,2025-04-11,15:31:09,-07:00,2025-04-11T15:31:09-07:00,0,8
style.css,55,css,f4e3ce5b,kyle-flores,2025-04-18,16:47:21,-07:00,2025-04-18T16:47:21-07:00,0,6
style.css,56,css,c175c5e3,kyle-flores,2025-04-11,15:31:09,-07:00,2025-04-11T15:31:09-07:00,0,7
style.css,57,css,baa5cece,kyle-flores,2025-05-03,10:38:43,-07:00,2025-05-03T10:38:43-07:00,0,13
style.css,58,css,c175c5e3,kyle-flores,2025-04-11,15:31:09,-07:00,2025-04-11T15:31:09-07:00,0,0
style.css,59,css,c175c5e3,kyle-flores,2025-04-11,15:31:09,-07:00,2025-04-11T15:31:09-07:00,0,0
style.css,60,css,c175c5e3,kyle-flores,2025-04-11,15:31:09,-07:00,2025-04-11T15:31:09-07:00,0,5
style.css,61,css,c175c5e3,kyle-flores,2025-04-11,15:31:09,-07:00,2025-04-11T15:31:09-07:00,0,13
style.css,62,css,c175c5e3,kyle-flores,2025-04-11,15:31:09,-07:00,2025-04-11T15:31:09-07:00,0,31
style.css,63,css,c175c5e3,kyle-flores,2025-04-11,15:31:09,-07:00,2025-04-11T15:31:09-07:00,0,8
style.css,64,css,c175c5e3,kyle-flores,2025-04-11,15:31:09,-07:00,2025-04-11T15:31:09-07:00,0,0
style.css,65,css,c175c5e3,kyle-flores,2025-04-11,15:31:09,-07:00,2025-04-11T15:31:09-07:00,0,0
style.css,66,css,c175c5e3,kyle-flores,2025-04-11,15:31:09,-07:00,2025-04-11T15:31:09-07:00,0,6
style.css,67,css,c175c5e3,kyle-flores,2025-04-11,15:31:09,-07:00,2025-04-11T15:31:09-07:00,0,13
style.css,68,css,c175c5e3,kyle-flores,2025-04-11,15:31:09,-07:00,2025-04-11T15:31:09-07:00,0,30
style.css,69,css,c175c5e3,kyle-flores,2025-04-11,15:31:09,-07:00,2025-04-11T15:31:09-07:00,0,19
style.css,70,css,c175c5e3,kyle-flores,2025-04-11,15:31:09,-07:00,2025-04-11T15:31:09-07:00,0,0
style.css,71,css,c175c5e3,kyle-flores,2025-04-11,15:31:09,-07:00,2025-04-11T15:31:09-07:00,0,0
style.css,72,css,c175c5e3,kyle-flores,2025-04-11,15:31:09,-07:00,2025-04-11T15:31:09-07:00,0,7
style.css,73,css,c175c5e3,kyle-flores,2025-04-11,15:31:09,-07:00,2025-04-11T15:31:09-07:00,0,19
style.css,74,css,c175c5e3,kyle-flores,2025-04-11,15:31:09,-07:00,2025-04-11T15:31:09-07:00,0,0
style.css,75,css,c175c5e3,kyle-flores,2025-04-11,15:31:09,-07:00,2025-04-11T15:31:09-07:00,0,0
style.css,76,css,c175c5e3,kyle-flores,2025-04-11,15:31:09,-07:00,2025-04-11T15:31:09-07:00,0,10
style.css,77,css,c175c5e3,kyle-flores,2025-04-11,15:31:09,-07:00,2025-04-11T15:31:09-07:00,0,13
style.css,78,css,c175c5e3,kyle-flores,2025-04-11,15:31:09,-07:00,2025-04-11T15:31:09-07:00,0,59
style.css,79,css,c175c5e3,kyle-flores,2025-04-11,15:31:09,-07:00,2025-04-11T15:31:09-07:00,0,8
style.css,80,css,a162d5a2,kyle-flores,2025-04-25,18:51:41,-07:00,2025-04-25T18:51:41-07:00,0,15
style.css,81,css,c175c5e3,kyle-flores,2025-04-11,15:31:09,-07:00,2025-04-11T15:31:09-07:00,0,0
style.css,82,css,c175c5e3,kyle-flores,2025-04-11,15:31:09,-07:00,2025-04-11T15:31:09-07:00,0,0
style.css,83,css,c175c5e3,kyle-flores,2025-04-11,15:31:09,-07:00,2025-04-11T15:31:09-07:00,0,18
style.css,84,css,c175c5e3,kyle-flores,2025-04-11,15:31:09,-07:00,2025-04-11T15:31:09-07:00,0,13
style.css,85,css,c175c5e3,kyle-flores,2025-04-11,15:31:09,-07:00,2025-04-11T15:31:09-07:00,0,27
style.css,86,css,c175c5e3,kyle-flores,2025-04-11,15:31:09,-07:00,2025-04-11T15:31:09-07:00,0,16
style.css,87,css,a162d5a2,kyle-flores,2025-04-25,18:51:41,-07:00,2025-04-25T18:51:41-07:00,0,15
style.css,88,css,a162d5a2,kyle-flores,2025-04-25,18:51:41,-07:00,2025-04-25T18:51:41-07:00,0,0
style.css,89,css,a162d5a2,kyle-flores,2025-04-25,18:51:41,-07:00,2025-04-25T18:51:41-07:00,0,0
style.css,90,css,a162d5a2,kyle-flores,2025-04-25,18:51:41,-07:00,2025-04-25T18:51:41-07:00,0,14
style.css,91,css,a162d5a2,kyle-flores,2025-04-25,18:51:41,-07:00,2025-04-25T18:51:41-07:00,0,15
style.css,92,css,a162d5a2,kyle-flores,2025-04-25,18:51:41,-07:00,2025-04-25T18:51:41-07:00,0,12
style.css,93,css,baa5cece,kyle-flores,2025-05-03,10:38:43,-07:00,2025-05-03T10:38:43-07:00,0,19
style.css,94,css,c175c5e3,kyle-flores,2025-04-11,15:31:09,-07:00,2025-04-11T15:31:09-07:00,0,0
style.css,95,css,c175c5e3,kyle-flores,2025-04-11,15:31:09,-07:00,2025-04-11T15:31:09-07:00,0,0
style.css,96,css,c175c5e3,kyle-flores,2025-04-11,15:31:09,-07:00,2025-04-11T15:31:09-07:00,0,13
style.css,97,css,baa5cece,kyle-flores,2025-05-03,10:38:43,-07:00,2025-05-03T10:38:43-07:00,0,9
style.css,98,css,a162d5a2,kyle-flores,2025-04-25,18:51:41,-07:00,2025-04-25T18:51:41-07:00,0,0
style.css,99,css,a162d5a2,kyle-flores,2025-04-25,18:51:41,-07:00,2025-04-25T18:51:41-07:00,0,0
style.css,100,css,a162d5a2,kyle-flores,2025-04-25,18:51:41,-07:00,2025-04-25T18:51:41-07:00,0,21
style.css,101,css,baa5cece,kyle-flores,2025-05-03,10:38:43,-07:00,2025-05-03T10:38:43-07:00,0,18
style.css,102,css,a162d5a2,kyle-flores,2025-04-25,18:51:41,-07:00,2025-04-25T18:51:41-07:00,0,20
style.css,103,css,a162d5a2,kyle-flores,2025-04-25,18:51:41,-07:00,2025-04-25T18:51:41-07:00,0,0
style.css,104,css,a162d5a2,kyle-flores,2025-04-25,18:51:41,-07:00,2025-04-25T18:51:41-07:00,0,0
style.css,105,css,a162d5a2,kyle-flores,2025-04-25,18:51:41,-07:00,2025-04-25T18:51:41-07:00,0,15
style.css,106,css,a162d5a2,kyle-flores,2025-04-25,18:51:41,-07:00,2025-04-25T18:51:41-07:00,0,15
style.css,107,css,a162d5a2,kyle-flores,2025-04-25,18:51:41,-07:00,2025-04-25T18:51:41-07:00,0,0
style.css,108,css,a162d5a2,kyle-flores,2025-04-25,18:51:41,-07:00,2025-04-25T18:51:41-07:00,0,0
style.css,109,css,c175c5e3,kyle-flores,2025-04-11,15:31:09,-07:00,2025-04-11T15:31:09-07:00,0,3
style.css,110,css,c175c5e3,kyle-flores,2025-04-11,15:31:09,-07:00,2025-04-11T15:31:09-07:00,0,15
style.css,111,css,c175c5e3,kyle-flores,2025-04-11,15:31:09,-07:00,2025-04-11T15:31:09-07:00,0,18
style.css,112,css,c175c5e3,kyle-flores,2025-04-11,15:31:09,-07:00,2025-04-11T15:31:09-07:00,0,0
style.css,113,css,c175c5e3,kyle-flores,2025-04-11,15:31:09,-07:00,2025-04-11T15:31:09-07:00,0,0
style.css,114,css,c175c5e3,kyle-flores,2025-04-11,15:31:09,-07:00,2025-04-11T15:31:09-07:00,0,23
style.css,115,css,c175c5e3,kyle-flores,2025-04-11,15:31:09,-07:00,2025-04-11T15:31:09-07:00,0,16
style.css,116,css,c175c5e3,kyle-flores,2025-04-11,15:31:09,-07:00,2025-04-11T15:31:09-07:00,0,18
style.css,117,css,c175c5e3,kyle-flores,2025-04-11,15:31:09,-07:00,2025-04-11T15:31:09-07:00,0,0
style.css,118,css,c175c5e3,kyle-flores,2025-04-11,15:31:09,-07:00,2025-04-11T15:31:09-07:00,0,0
style.css,119,css,c175c5e3,kyle-flores,2025-04-11,15:31:09,-07:00,2025-04-11T15:31:09-07:00,0,4
style.css,120,css,c175c5e3,kyle-flores,2025-04-11,15:31:09,-07:00,2025-04-11T15:31:09-07:00,0,21
style.css,121,css,c175c5e3,kyle-flores,2025-04-11,15:31:09,-07:00,2025-04-11T15:31:09-07:00,0,32
style.css,122,css,c175c5e3,kyle-flores,2025-04-11,15:31:09,-07:00,2025-04-11T15:31:09-07:00,0,0
style.css,123,css,c175c5e3,kyle-flores,2025-04-11,15:31:09,-07:00,2025-04-11T15:31:09-07:00,0,0
style.css,124,css,c175c5e3,kyle-flores,2025-04-11,15:31:09,-07:00,2025-04-11T15:31:09-07:00,0,10
style.css,125,css,c175c5e3,kyle-flores,2025-04-11,15:31:09,-07:00,2025-04-11T15:31:09-07:00,0,26
style.css,126,css,c175c5e3,kyle-flores,2025-04-11,15:31:09,-07:00,2025-04-11T15:31:09-07:00,0,0
style.css,127,css,c175c5e3,kyle-flores,2025-04-11,15:31:09,-07:00,2025-04-11T15:31:09-07:00,0,0
style.css,128,css,c175c5e3,kyle-flores,2025-04-11,15:31:09,-07:00,2025-04-11T15:31:09-07:00,0,3
style.css,129,css,c175c5e3,kyle-flores,2025-04-11,15:31:09,-07:00,2025-04-11T15:31:09-07:00,0,20
style.css,130,css,c175c5e3,kyle-flores,2025-04-11,15:31:09,-07:00,2025-04-11T15:31:09-07:00,0,23
style.css,131,css,c175c5e3,kyle-flores,2025-04-11,15:31:09,-07:00,2025-04-11T15:31:09-07:00,0,0
style.css,132,css,c175c5e3,kyle-flores,2025-04-11,15:31:09,-07:00,2025-04-11T15:31:09-07:00,0,0
style.css,133,css,c175c5e3,kyle-flores,2025-04-11,15:31:09,-07:00,2025-04-11T15:31:09-07:00,0,6
style.css,134,css,c175c5e3,kyle-flores,2025-04-11,15:31:09,-07:00,2025-04-11T15:31:09-07:00,0,20
style.css,135,css,c175c5e3,kyle-flores,2025-04-11,15:31:09,-07:00,2025-04-11T15:31:09-07:00,0,0
style.css,136,css,c175c5e3,kyle-flores,2025-04-11,15:31:09,-07:00,2025-04-11T15:31:09-07:00,0,0
style.css,137,css,c175c5e3,kyle-flores,2025-04-11,15:31:09,-07:00,2025-04-11T15:31:09-07:00,0,14
style.css,138,css,c175c5e3,kyle-flores,2025-04-11,15:31:09,-07:00,2025-04-11T15:31:09-07:00,0,18
style.css,139,css,c175c5e3,kyle-flores,2025-04-11,15:31:09,-07:00,2025-04-11T15:31:09-07:00,0,0
style.css,140,css,c175c5e3,kyle-flores,2025-04-11,15:31:09,-07:00,2025-04-11T15:31:09-07:00,0,0
style.css,141,css,c175c5e3,kyle-flores,2025-04-11,15:31:09,-07:00,2025-04-11T15:31:09-07:00,0,10
style.css,142,css,c175c5e3,kyle-flores,2025-04-11,15:31:09,-07:00,2025-04-11T15:31:09-07:00,0,14
style.css,143,css,c175c5e3,kyle-flores,2025-04-11,15:31:09,-07:00,2025-04-11T15:31:09-07:00,0,0
style.css,144,css,c175c5e3,kyle-flores,2025-04-11,15:31:09,-07:00,2025-04-11T15:31:09-07:00,0,0
style.css,145,css,c175c5e3,kyle-flores,2025-04-11,15:31:09,-07:00,2025-04-11T15:31:09-07:00,0,14
style.css,146,css,baa5cece,kyle-flores,2025-05-03,10:38:43,-07:00,2025-05-03T10:38:43-07:00,0,18
style.css,147,css,baa5cece,kyle-flores,2025-05-03,10:38:43,-07:00,2025-05-03T10:38:43-07:00,0,16
style.css,148,css,f4e3ce5b,kyle-flores,2025-04-18,16:47:21,-07:00,2025-04-18T16:47:21-07:00,0,0
style.css,149,css,f4e3ce5b,kyle-flores,2025-04-18,16:47:21,-07:00,2025-04-18T16:47:21-07:00,0,0
style.css,150,css,f4e3ce5b,kyle-flores,2025-04-18,16:47:21,-07:00,2025-04-18T16:47:21-07:00,0,19
style.css,151,css,f4e3ce5b,kyle-flores,2025-04-18,16:47:21,-07:00,2025-04-18T16:47:21-07:00,0,18
style.css,152,css,f4e3ce5b,kyle-flores,2025-04-18,16:47:21,-07:00,2025-04-18T16:47:21-07:00,0,9
style.css,153,css,f4e3ce5b,kyle-flores,2025-04-18,16:47:21,-07:00,2025-04-18T16:47:21-07:00,0,11
style.css,154,css,f4e3ce5b,kyle-flores,2025-04-18,16:47:21,-07:00,2025-04-18T16:47:21-07:00,0,14
style.css,155,css,f4e3ce5b,kyle-flores,2025-04-18,16:47:21,-07:00,2025-04-18T16:47:21-07:00,0,20
style.css,156,css,f4e3ce5b,kyle-flores,2025-04-18,16:47:21,-07:00,2025-04-18T16:47:21-07:00,0,20
style.css,157,css,f4e3ce5b,kyle-flores,2025-04-18,16:47:21,-07:00,2025-04-18T16:47:21-07:00,0,11
style.css,158,css,a162d5a2,kyle-flores,2025-04-25,18:51:41,-07:00,2025-04-25T18:51:41-07:00,0,0
style.css,159,css,a162d5a2,kyle-flores,2025-04-25,18:51:41,-07:00,2025-04-25T18:51:41-07:00,0,0
style.css,160,css,a162d5a2,kyle-flores,2025-04-25,18:51:41,-07:00,2025-04-25T18:51:41-07:00,0,15
style.css,161,css,a162d5a2,kyle-flores,2025-04-25,18:51:41,-07:00,2025-04-25T18:51:41-07:00,0,16
style.css,162,css,a162d5a2,kyle-flores,2025-04-25,18:51:41,-07:00,2025-04-25T18:51:41-07:00,0,13
style.css,163,css,a162d5a2,kyle-flores,2025-04-25,18:51:41,-07:00,2025-04-25T18:51:41-07:00,0,19
style.css,164,css,a162d5a2,kyle-flores,2025-04-25,18:51:41,-07:00,2025-04-25T18:51:41-07:00,0,19
style.css,165,css,a162d5a2,kyle-flores,2025-04-25,18:51:41,-07:00,2025-04-25T18:51:41-07:00,0,40
style.css,166,css,a162d5a2,kyle-flores,2025-04-25,18:51:41,-07:00,2025-04-25T18:51:41-07:00,0,0
style.css,167,css,a162d5a2,kyle-flores,2025-04-25,18:51:41,-07:00,2025-04-25T18:51:41-07:00,0,0
style.css,168,css,a162d5a2,kyle-flores,2025-04-25,18:51:41,-07:00,2025-04-25T18:51:41-07:00,0,18
style.css,169,css,a162d5a2,kyle-flores,2025-04-25,18:51:41,-07:00,2025-04-25T18:51:41-07:00,0,19
style.css,170,css,a162d5a2,kyle-flores,2025-04-25,18:51:41,-07:00,2025-04-25T18:51:41-07:00,0,0
style.css,171,css,a162d5a2,kyle-flores,2025-04-25,18:51:41,-07:00,2025-04-25T18:51:41-07:00,0,0
style.css,172,css,a162d5a2,kyle-flores,2025-04-25,18:51:41,-07:00,2025-04-25T18:51:41-07:00,0,18
style.css,173,css,a162d5a2,kyle-flores,2025-04-25,18:51:41,-07:00,2025-04-25T18:51:41-07:00,0,13
style.css,174,css,a162d5a2,kyle-flores,2025-04-25,18:51:41,-07:00,2025-04-25T18:51:41-07:00,0,37
style.css,175,css,a162d5a2,kyle-flores,2025-04-25,18:51:41,-07:00,2025-04-25T18:51:41-07:00,0,9
style.css,176,css,a162d5a2,kyle-flores,2025-04-25,18:51:41,-07:00,2025-04-25T18:51:41-07:00,0,18
style.css,177,css,a162d5a2,kyle-flores,2025-04-25,18:51:41,-07:00,2025-04-25T18:51:41-07:00,0,0
style.css,178,css,a162d5a2,kyle-flores,2025-04-25,18:51:41,-07:00,2025-04-25T18:51:41-07:00,0,0
style.css,179,css,a162d5a2,kyle-flores,2025-04-25,18:51:41,-07:00,2025-04-25T18:51:41-07:00,0,18
style.css,180,css,a162d5a2,kyle-flores,2025-04-25,18:51:41,-07:00,2025-04-25T18:51:41-07:00,0,17
style.css,181,css,a162d5a2,kyle-flores,2025-04-25,18:51:41,-07:00,2025-04-25T18:51:41-07:00,0,11
style.css,182,css,a162d5a2,kyle-flores,2025-04-25,18:51:41,-07:00,2025-04-25T18:51:41-07:00,0,0
style.css,183,css,a162d5a2,kyle-flores,2025-04-25,18:51:41,-07:00,2025-04-25T18:51:41-07:00,0,0
style.css,184,css,a162d5a2,kyle-flores,2025-04-25,18:51:41,-07:00,2025-04-25T18:51:41-07:00,0,18
style.css,185,css,a162d5a2,kyle-flores,2025-04-25,18:51:41,-07:00,2025-04-25T18:51:41-07:00,0,9
style.css,186,css,a162d5a2,kyle-flores,2025-04-25,18:51:41,-07:00,2025-04-25T18:51:41-07:00,0,11
style.css,187,css,a162d5a2,kyle-flores,2025-04-25,18:51:41,-07:00,2025-04-25T18:51:41-07:00,0,0
style.css,188,css,a162d5a2,kyle-flores,2025-04-25,18:51:41,-07:00,2025-04-25T18:51:41-07:00,0,0
style.css,189,css,a162d5a2,kyle-flores,2025-04-25,18:51:41,-07:00,2025-04-25T18:51:41-07:00,0,14
style.css,190,css,a162d5a2,kyle-flores,2025-04-25,18:51:41,-07:00,2025-04-25T18:51:41-07:00,0,15
style.css,191,css,baa5cece,kyle-flores,2025-05-03,10:38:43,-07:00,2025-05-03T10:38:43-07:00,0,17
style.css,192,css,baa5cece,kyle-flores,2025-05-03,10:38:43,-07:00,2025-05-03T10:38:43-07:00,0,19
style.css,193,css,a162d5a2,kyle-flores,2025-04-25,18:51:41,-07:00,2025-04-25T18:51:41-07:00,0,14
style.css,194,css,a162d5a2,kyle-flores,2025-04-25,18:51:41,-07:00,2025-04-25T18:51:41-07:00,0,14
style.css,195,css,baa5cece,kyle-flores,2025-05-03,10:38:43,-07:00,2025-05-03T10:38:43-07:00,0,0
style.css,196,css,baa5cece,kyle-flores,2025-05-03,10:38:43,-07:00,2025-05-03T10:38:43-07:00,0,0
style.css,197,css,baa5cece,kyle-flores,2025-05-03,10:38:43,-07:00,2025-05-03T10:38:43-07:00,0,40
style.css,198,css,baa5cece,kyle-flores,2025-05-03,10:38:43,-07:00,2025-05-03T10:38:43-07:00,0,15
style.css,199,css,baa5cece,kyle-flores,2025-05-03,10:38:43,-07:00,2025-05-03T10:38:43-07:00,0,15
style.css,200,css,baa5cece,kyle-flores,2025-05-03,10:38:43,-07:00,2025-05-03T10:38:43-07:00,0,17
style.css,201,css,baa5cece,kyle-flores,2025-05-03,10:38:43,-07:00,2025-05-03T10:38:43-07:00,0,17
style.css,202,css,baa5cece,kyle-flores,2025-05-03,10:38:43,-07:00,2025-05-03T10:38:43-07:00,0,0
style.css,203,css,baa5cece,kyle-flores,2025-05-03,10:38:43,-07:00,2025-05-03T10:38:43-07:00,0,0
style.css,204,css,baa5cece,kyle-flores,2025-05-03,10:38:43,-07:00,2025-05-03T10:38:43-07:00,0,27
style.css,205,css,baa5cece,kyle-flores,2025-05-03,10:38:43,-07:00,2025-05-03T10:38:43-07:00,0,8
style.css,206,css,baa5cece,kyle-flores,2025-05-03,10:38:43,-07:00,2025-05-03T10:38:43-07:00,0,13
style.css,207,css,baa5cece,kyle-flores,2025-05-03,10:38:43,-07:00,2025-05-03T10:38:43-07:00,0,15
style.css,208,css,baa5cece,kyle-flores,2025-05-03,10:38:43,-07:00,2025-05-03T10:38:43-07:00,0,10
style.css,209,css,baa5cece,kyle-flores,2025-05-03,10:38:43,-07:00,2025-05-03T10:38:43-07:00,0,22
style.css,210,css,baa5cece,kyle-flores,2025-05-03,10:38:43,-07:00,2025-05-03T10:38:43-07:00,0,12
style.css,211,css,baa5cece,kyle-flores,2025-05-03,10:38:43,-07:00,2025-05-03T10:38:43-07:00,0,52
style.css,212,css,baa5cece,kyle-flores,2025-05-03,10:38:43,-07:00,2025-05-03T10:38:43-07:00,0,9
style.css,213,css,baa5cece,kyle-flores,2025-05-03,10:38:43,-07:00,2025-05-03T10:38:43-07:00,0,0
style.css,214,css,baa5cece,kyle-flores,2025-05-03,10:38:43,-07:00,2025-05-03T10:38:43-07:00,0,0
style.css,215,css,baa5cece,kyle-flores,2025-05-03,10:38:43,-07:00,2025-05-03T10:38:43-07:00,0,40
style.css,216,css,baa5cece,kyle-flores,2025-05-03,10:38:43,-07:00,2025-05-03T10:38:43-07:00,0,13
style.css,217,css,baa5cece,kyle-flores,2025-05-03,10:38:43,-07:00,2025-05-03T10:38:43-07:00,0,13
style.css,218,css,baa5cece,kyle-flores,2025-05-03,10:38:43,-07:00,2025-05-03T10:38:43-07:00,0,19
style.css,219,css,baa5cece,kyle-flores,2025-05-03,10:38:43,-07:00,2025-05-03T10:38:43-07:00,0,10
style.css,220,css,baa5cece,kyle-flores,2025-05-03,10:38:43,-07:00,2025-05-03T10:38:43-07:00,0,16
style.css,221,css,baa5cece,kyle-flores,2025-05-03,10:38:43,-07:00,2025-05-03T10:38:43-07:00,0,15
style.css,222,css,baa5cece,kyle-flores,2025-05-03,10:38:43,-07:00,2025-05-03T10:38:43-07:00,0,0
style.css,223,css,baa5cece,kyle-flores,2025-05-03,10:38:43,-07:00,2025-05-03T10:38:43-07:00,0,0
style.css,224,css,baa5cece,kyle-flores,2025-05-03,10:38:43,-07:00,2025-05-03T10:38:43-07:00,0,35
style.css,225,css,baa5cece,kyle-flores,2025-05-03,10:38:43,-07:00,2025-05-03T10:38:43-07:00,0,8
style.css,226,css,baa5cece,kyle-flores,2025-05-03,10:38:43,-07:00,2025-05-03T10:38:43-07:00,0,21
style.css,227,css,baa5cece,kyle-flores,2025-05-03,10:38:43,-07:00,2025-05-03T10:38:43-07:00,0,10
style.css,228,css,baa5cece,kyle-flores,2025-05-03,10:38:43,-07:00,2025-05-03T10:38:43-07:00,0,11
style.css,229,css,baa5cece,kyle-flores,2025-05-03,10:38:43,-07:00,2025-05-03T10:38:43-07:00,0,19
style.css,230,css,baa5cece,kyle-flores,2025-05-03,10:38:43,-07:00,2025-05-03T10:38:43-07:00,0,18
style.css,231,css,baa5cece,kyle-flores,2025-05-03,10:38:43,-07:00,2025-05-03T10:38:43-07:00,0,80
style.css,232,css,baa5cece,kyle-flores,2025-05-03,10:38:43,-07:00,2025-05-03T10:38:43-07:00,0,0
style.css,233,css,baa5cece,kyle-flores,2025-05-03,10:38:43,-07:00,2025-05-03T10:38:43-07:00,0,0
style.css,234,css,baa5cece,kyle-flores,2025-05-03,10:38:43,-07:00,2025-05-03T10:38:43-07:00,0,63
style.css,235,css,baa5cece,kyle-flores,2025-05-03,10:38:43,-07:00,2025-05-03T10:38:43-07:00,0,11
style.css,236,css,baa5cece,kyle-flores,2025-05-03,10:38:43,-07:00,2025-05-03T10:38:43-07:00,0,13
style.css,237,css,baa5cece,kyle-flores,2025-05-03,10:38:43,-07:00,2025-05-03T10:38:43-07:00,0,19
style.css,238,css,baa5cece,kyle-flores,2025-05-03,10:38:43,-07:00,2025-05-03T10:38:43-07:00,0,11
style.css,239,css,baa5cece,kyle-flores,2025-05-03,10:38:43,-07:00,2025-05-03T10:38:43-07:00,0,8
style.css,240,css,baa5cece,kyle-flores,2025-05-03,10:38:43,-07:00,2025-05-03T10:38:43-07:00,0,0
style.css,241,css,baa5cece,kyle-flores,2025-05-03,10:38:43,-07:00,2025-05-03T10:38:43-07:00,0,0
style.css,242,css,baa5cece,kyle-flores,2025-05-03,10:38:43,-07:00,2025-05-03T10:38:43-07:00,0,34
style.css,243,css,baa5cece,kyle-flores,2025-05-03,10:38:43,-07:00,2025-05-03T10:38:43-07:00,0,4
style.css,244,css,baa5cece,kyle-flores,2025-05-03,10:38:43,-07:00,2025-05-03T10:38:43-07:00,0,11
style.css,245,css,baa5cece,kyle-flores,2025-05-03,10:38:43,-07:00,2025-05-03T10:38:43-07:00,0,16
style.css,246,css,baa5cece,kyle-flores,2025-05-03,10:38:43,-07:00,2025-05-03T10:38:43-07:00,0,12
style.css,247,css,baa5cece,kyle-flores,2025-05-03,10:38:43,-07:00,2025-05-03T10:38:43-07:00,0,19
style.css,248,css,baa5cece,kyle-flores,2025-05-03,10:38:43,-07:00,2025-05-03T10:38:43-07:00,0,0
style.css,249,css,baa5cece,kyle-flores,2025-05-03,10:38:43,-07:00,2025-05-03T10:38:43-07:00,0,0
style.css,250,css,baa5cece,kyle-flores,2025-05-03,10:38:43,-07:00,2025-05-03T10:38:43-07:00,0,31
style.css,251,css,baa5cece,kyle-flores,2025-05-03,10:38:43,-07:00,2025-05-03T10:38:43-07:00,0,11
style.css,252,css,baa5cece,kyle-flores,2025-05-03,10:38:43,-07:00,2025-05-03T10:38:43-07:00,0,11
style.css,253,css,baa5cece,kyle-flores,2025-05-03,10:38:43,-07:00,2025-05-03T10:38:43-07:00,0,15
style.css,254,css,baa5cece,kyle-flores,2025-05-03,10:38:43,-07:00,2025-05-03T10:38:43-07:00,0,22
style.css,255,css,baa5cece,kyle-flores,2025-05-03,10:38:43,-07:00,2025-05-03T10:38:43-07:00,0,15
style.css,256,css,baa5cece,kyle-flores,2025-05-03,10:38:43,-07:00,2025-05-03T10:38:43-07:00,0,15
style.css,257,css,baa5cece,kyle-flores,2025-05-03,10:38:43,-07:00,2025-05-03T10:38:43-07:00,0,19
style.css,258,css,baa5cece,kyle-flores,2025-05-03,10:38:43,-07:00,2025-05-03T10:38:43-07:00,0,0
style.css,259,css,baa5cece,kyle-flores,2025-05-03,10:38:43,-07:00,2025-05-03T10:38:43-07:00,0,0
style.css,260,css,baa5cece,kyle-flores,2025-05-03,10:38:43,-07:00,2025-05-03T10:38:43-07:00,0,44
style.css,261,css,baa5cece,kyle-flores,2025-05-03,10:38:43,-07:00,2025-05-03T10:38:43-07:00,0,37
style.css,262,css,baa5cece,kyle-flores,2025-05-03,10:38:43,-07:00,2025-05-03T10:38:43-07:00,0,12
style.css,263,css,baa5cece,kyle-flores,2025-05-03,10:38:43,-07:00,2025-05-03T10:38:43-07:00,0,0
style.css,264,css,baa5cece,kyle-flores,2025-05-03,10:38:43,-07:00,2025-05-03T10:38:43-07:00,0,0
style.css,265,css,baa5cece,kyle-flores,2025-05-03,10:38:43,-07:00,2025-05-03T10:38:43-07:00,0,51
style.css,266,css,baa5cece,kyle-flores,2025-05-03,10:38:43,-07:00,2025-05-03T10:38:43-07:00,0,5
style.css,267,css,baa5cece,kyle-flores,2025-05-03,10:38:43,-07:00,2025-05-03T10:38:43-07:00,0,17
style.css,268,css,baa5cece,kyle-flores,2025-05-03,10:38:43,-07:00,2025-05-03T10:38:43-07:00,0,15
style.css,269,css,baa5cece,kyle-flores,2025-05-03,10:38:43,-07:00,2025-05-03T10:38:43-07:00,0,59
style.css,270,css,baa5cece,kyle-flores,2025-05-03,10:38:43,-07:00,2025-05-03T10:38:43-07:00,0,0
style.css,271,css,baa5cece,kyle-flores,2025-05-03,10:38:43,-07:00,2025-05-03T10:38:43-07:00,0,0
style.css,272,css,baa5cece,kyle-flores,2025-05-03,10:38:43,-07:00,2025-05-03T10:38:43-07:00,0,39
style.css,273,css,baa5cece,kyle-flores,2025-05-03,10:38:43,-07:00,2025-05-03T10:38:43-07:00,0,18
style.css,274,css,baa5cece,kyle-flores,2025-05-03,10:38:43,-07:00,2025-05-03T10:38:43-07:00,0,63
style.css,275,css,baa5cece,kyle-flores,2025-05-03,10:38:43,-07:00,2025-05-03T10:38:43-07:00,0,0
style.css,276,css,baa5cece,kyle-flores,2025-05-03,10:38:43,-07:00,2025-05-03T10:38:43-07:00,0,0
style.css,277,css,baa5cece,kyle-flores,2025-05-03,10:38:43,-07:00,2025-05-03T10:38:43-07:00,0,41
style.css,278,css,baa5cece,kyle-flores,2025-05-03,10:38:43,-07:00,2025-05-03T10:38:43-07:00,0,22
style.css,279,css,baa5cece,kyle-flores,2025-05-03,10:38:43,-07:00,2025-05-03T10:38:43-07:00,0,17
style.css,280,css,baa5cece,kyle-flores,2025-05-03,10:38:43,-07:00,2025-05-03T10:38:43-07:00,0,81
style.css,281,css,baa5cece,kyle-flores,2025-05-03,10:38:43,-07:00,2025-05-03T10:38:43-07:00,0,0
style.css,282,css,baa5cece,kyle-flores,2025-05-03,10:38:43,-07:00,2025-05-03T10:38:43-07:00,0,0
index.js,1,js,a162d5a2,kyle-flores,2025-04-25,18:51:41,-07:00,2025-04-25T18:51:41-07:00,0,71
index.js,2,js,a162d5a2,kyle-flores,2025-04-25,18:51:41,-07:00,2025-04-25T18:51:41-07:00,0,0
index.js,3,js,a162d5a2,kyle-flores,2025-04-25,18:51:41,-07:00,2025-04-25T18:51:41-07:00,0,55
index.js,4,js,a162d5a2,kyle-flores,2025-04-25,18:51:41,-07:00,2025-04-25T18:51:41-07:00,0,43
index.js,5,js,a162d5a2,kyle-flores,2025-04-25,18:51:41,-07:00,2025-04-25T18:51:41-07:00,0,61
index.js,6,js,a162d5a2,kyle-flores,2025-04-25,18:51:41,-07:00,2025-04-25T18:51:41-07:00,0,55
index.js,7,js,a162d5a2,kyle-flores,2025-04-25,18:51:41,-07:00,2025-04-25T18:51:41-07:00,0,0
index.js,8,js,a162d5a2,kyle-flores,2025-04-25,18:51:41,-07:00,2025-04-25T18:51:41-07:00,0,55
index.js,9,js,a162d5a2,kyle-flores,2025-04-25,18:51:41,-07:00,2025-04-25T18:51:41-07:00,0,61
index.js,10,js,a162d5a2,kyle-flores,2025-04-25,18:51:41,-07:00,2025-04-25T18:51:41-07:00,0,0
index.js,11,js,a162d5a2,kyle-flores,2025-04-25,18:51:41,-07:00,2025-04-25T18:51:41-07:00,0,18
index.js,12,js,a162d5a2,kyle-flores,2025-04-25,18:51:41,-07:00,2025-04-25T18:51:41-07:00,0,25
index.js,13,js,a162d5a2,kyle-flores,2025-04-25,18:51:41,-07:00,2025-04-25T18:51:41-07:00,0,20
index.js,14,js,a162d5a2,kyle-flores,2025-04-25,18:51:41,-07:00,2025-04-25T18:51:41-07:00,0,3
index.js,15,js,a162d5a2,kyle-flores,2025-04-25,18:51:41,-07:00,2025-04-25T18:51:41-07:00,0,56
index.js,16,js,a162d5a2,kyle-flores,2025-04-25,18:51:41,-07:00,2025-04-25T18:51:41-07:00,0,56
index.js,17,js,a162d5a2,kyle-flores,2025-04-25,18:51:41,-07:00,2025-04-25T18:51:41-07:00,0,50
index.js,18,js,a162d5a2,kyle-flores,2025-04-25,18:51:41,-07:00,2025-04-25T18:51:41-07:00,0,50
index.js,19,js,a162d5a2,kyle-flores,2025-04-25,18:51:41,-07:00,2025-04-25T18:51:41-07:00,0,4
index.js,20,js,a162d5a2,kyle-flores,2025-04-25,18:51:41,-07:00,2025-04-25T18:51:41-07:00,0,1
index.js,21,js,a162d5a2,kyle-flores,2025-04-25,18:51:41,-07:00,2025-04-25T18:51:41-07:00,0,0
index.html,1,html,fefd3c45,kyle-flores,2025-04-03,15:05:01,-07:00,2025-04-03T15:05:01-07:00,0,14
index.html,2,html,fefd3c45,kyle-flores,2025-04-03,15:05:01,-07:00,2025-04-03T15:05:01-07:00,0,15
index.html,3,html,fefd3c45,kyle-flores,2025-04-03,15:05:01,-07:00,2025-04-03T15:05:01-07:00,0,5
index.html,4,html,fefd3c45,kyle-flores,2025-04-03,15:05:01,-07:00,2025-04-03T15:05:01-07:00,0,21
index.html,5,html,fefd3c45,kyle-flores,2025-04-03,15:05:01,-07:00,2025-04-03T15:05:01-07:00,0,69
index.html,6,html,fefd3c45,kyle-flores,2025-04-03,15:05:01,-07:00,2025-04-03T15:05:01-07:00,0,54
index.html,7,html,5e616777,kyle-flores,2025-04-04,15:46:07,-07:00,2025-04-04T15:46:07-07:00,0,39
index.html,8,html,fefd3c45,kyle-flores,2025-04-03,15:05:01,-07:00,2025-04-03T15:05:01-07:00,0,6
index.html,9,html,fefd3c45,kyle-flores,2025-04-03,15:05:01,-07:00,2025-04-03T15:05:01-07:00,0,5
index.html,10,html,5e616777,kyle-flores,2025-04-04,15:46:07,-07:00,2025-04-04T15:46:07-07:00,0,0
index.html,11,html,fefd3c45,kyle-flores,2025-04-03,15:05:01,-07:00,2025-04-03T15:05:01-07:00,0,19
index.html,12,html,fefd3c45,kyle-flores,2025-04-03,15:05:01,-07:00,2025-04-03T15:05:01-07:00,0,75
index.html,13,html,5e616777,kyle-flores,2025-04-04,15:46:07,-07:00,2025-04-04T15:46:07-07:00,0,65
index.html,14,html,a162d5a2,kyle-flores,2025-04-25,18:51:41,-07:00,2025-04-25T18:51:41-07:00,0,0
index.html,15,html,a162d5a2,kyle-flores,2025-04-25,18:51:41,-07:00,2025-04-25T18:51:41-07:00,0,45
index.html,16,html,a162d5a2,kyle-flores,2025-04-25,18:51:41,-07:00,2025-04-25T18:51:41-07:00,0,21
index.html,17,html,a162d5a2,kyle-flores,2025-04-25,18:51:41,-07:00,2025-04-25T18:51:41-07:00,0,50
index.html,18,html,a162d5a2,kyle-flores,2025-04-25,18:51:41,-07:00,2025-04-25T18:51:41-07:00,0,5
index.html,19,html,a162d5a2,kyle-flores,2025-04-25,18:51:41,-07:00,2025-04-25T18:51:41-07:00,0,0
index.html,20,html,a162d5a2,kyle-flores,2025-04-25,18:51:41,-07:00,2025-04-25T18:51:41-07:00,0,23
index.html,21,html,a162d5a2,kyle-flores,2025-04-25,18:51:41,-07:00,2025-04-25T18:51:41-07:00,0,0
index.html,22,html,a162d5a2,kyle-flores,2025-04-25,18:51:41,-07:00,2025-04-25T18:51:41-07:00,0,20
index.html,23,html,a162d5a2,kyle-flores,2025-04-25,18:51:41,-07:00,2025-04-25T18:51:41-07:00,0,0
index.html,24,html,a162d5a2,kyle-flores,2025-04-25,18:51:41,-07:00,2025-04-25T18:51:41-07:00,0,3
index.html,25,html,a162d5a2,kyle-flores,2025-04-25,18:51:41,-07:00,2025-04-25T18:51:41-07:00,0,33
index.html,26,html,a162d5a2,kyle-flores,2025-04-25,18:51:41,-07:00,2025-04-25T18:51:41-07:00,0,33
index.html,27,html,a162d5a2,kyle-flores,2025-04-25,18:51:41,-07:00,2025-04-25T18:51:41-07:00,0,30
index.html,28,html,a162d5a2,kyle-flores,2025-04-25,18:51:41,-07:00,2025-04-25T18:51:41-07:00,0,30
index.html,29,html,a162d5a2,kyle-flores,2025-04-25,18:51:41,-07:00,2025-04-25T18:51:41-07:00,0,4
index.html,30,html,a162d5a2,kyle-flores,2025-04-25,18:51:41,-07:00,2025-04-25T18:51:41-07:00,0,5
index.html,31,html,f4e3ce5b,kyle-flores,2025-04-18,16:47:21,-07:00,2025-04-18T16:47:21-07:00,0,0
index.html,32,html,a162d5a2,kyle-flores,2025-04-25,18:51:41,-07:00,2025-04-25T18:51:41-07:00,0,52
index.html,33,html,a162d5a2,kyle-flores,2025-04-25,18:51:41,-07:00,2025-04-25T18:51:41-07:00,0,51
index.html,34,html,a162d5a2,kyle-flores,2025-04-25,18:51:41,-07:00,2025-04-25T18:51:41-07:00,0,0
index.html,35,html,5e616777,kyle-flores,2025-04-04,15:46:07,-07:00,2025-04-04T15:46:07-07:00,0,0
index.html,36,html,fefd3c45,kyle-flores,2025-04-03,15:05:01,-07:00,2025-04-03T15:05:01-07:00,0,6
index.html,37,html,fefd3c45,kyle-flores,2025-04-03,15:05:01,-07:00,2025-04-03T15:05:01-07:00,0,6
global.js,1,js,f4e3ce5b,kyle-flores,2025-04-18,16:47:21,-07:00,2025-04-18T16:47:21-07:00,0,26
global.js,2,js,f4e3ce5b,kyle-flores,2025-04-18,16:47:21,-07:00,2025-04-18T16:47:21-07:00,0,0
global.js,3,js,f4e3ce5b,kyle-flores,2025-04-18,16:47:21,-07:00,2025-04-18T16:47:21-07:00,0,42
global.js,4,js,f4e3ce5b,kyle-flores,2025-04-18,16:47:21,-07:00,2025-04-18T16:47:21-07:00,0,53
global.js,5,js,f4e3ce5b,kyle-flores,2025-04-18,16:47:21,-07:00,2025-04-18T16:47:21-07:00,0,0
global.js,6,js,f4e3ce5b,kyle-flores,2025-04-18,16:47:21,-07:00,2025-04-18T16:47:21-07:00,0,0
global.js,7,js,f4e3ce5b,kyle-flores,2025-04-18,16:47:21,-07:00,2025-04-18T16:47:21-07:00,0,12
global.js,8,js,f4e3ce5b,kyle-flores,2025-04-18,16:47:21,-07:00,2025-04-18T16:47:21-07:00,0,26
global.js,9,js,f4e3ce5b,kyle-flores,2025-04-18,16:47:21,-07:00,2025-04-18T16:47:21-07:00,0,39
global.js,10,js,f4e3ce5b,kyle-flores,2025-04-18,16:47:21,-07:00,2025-04-18T16:47:21-07:00,0,35
global.js,11,js,f4e3ce5b,kyle-flores,2025-04-18,16:47:21,-07:00,2025-04-18T16:47:21-07:00,0,37
global.js,12,js,00000000,Not Committed Yet,2025-05-08,22:08:28,-07:00,2025-05-08T22:08:28-07:00,0,31
global.js,13,js,f4e3ce5b,kyle-flores,2025-04-18,16:47:21,-07:00,2025-04-18T16:47:21-07:00,0,57
global.js,14,js,f4e3ce5b,kyle-flores,2025-04-18,16:47:21,-07:00,2025-04-18T16:47:21-07:00,0,1
global.js,15,js,f4e3ce5b,kyle-flores,2025-04-18,16:47:21,-07:00,2025-04-18T16:47:21-07:00,0,0
global.js,16,js,f4e3ce5b,kyle-flores,2025-04-18,16:47:21,-07:00,2025-04-18T16:47:21-07:00,0,39
global.js,17,js,f4e3ce5b,kyle-flores,2025-04-18,16:47:21,-07:00,2025-04-18T16:47:21-07:00,0,26
global.js,18,js,f4e3ce5b,kyle-flores,2025-04-18,16:47:21,-07:00,2025-04-18T16:47:21-07:00,0,0
global.js,19,js,f4e3ce5b,kyle-flores,2025-04-18,16:47:21,-07:00,2025-04-18T16:47:21-07:00,0,89
global.js,20,js,f4e3ce5b,kyle-flores,2025-04-18,16:47:21,-07:00,2025-04-18T16:47:21-07:00,0,4
global.js,21,js,f4e3ce5b,kyle-flores,2025-04-18,16:47:21,-07:00,2025-04-18T16:47:21-07:00,0,15
global.js,22,js,f4e3ce5b,kyle-flores,2025-04-18,16:47:21,-07:00,2025-04-18T16:47:21-07:00,0,0
global.js,23,js,f4e3ce5b,kyle-flores,2025-04-18,16:47:21,-07:00,2025-04-18T16:47:21-07:00,0,21
global.js,24,js,f4e3ce5b,kyle-flores,2025-04-18,16:47:21,-07:00,2025-04-18T16:47:21-07:00,0,63
global.js,25,js,f4e3ce5b,kyle-flores,2025-04-18,16:47:21,-07:00,2025-04-18T16:47:21-07:00,0,0
global.js,26,js,f4e3ce5b,kyle-flores,2025-04-18,16:47:21,-07:00,2025-04-18T16:47:21-07:00,0,35
global.js,27,js,f4e3ce5b,kyle-flores,2025-04-18,16:47:21,-07:00,2025-04-18T16:47:21-07:00,0,12
global.js,28,js,f4e3ce5b,kyle-flores,2025-04-18,16:47:21,-07:00,2025-04-18T16:47:21-07:00,0,49
global.js,29,js,f4e3ce5b,kyle-flores,2025-04-18,16:47:21,-07:00,2025-04-18T16:47:21-07:00,0,23
global.js,30,js,f4e3ce5b,kyle-flores,2025-04-18,16:47:21,-07:00,2025-04-18T16:47:21-07:00,0,0
global.js,31,js,f4e3ce5b,kyle-flores,2025-04-18,16:47:21,-07:00,2025-04-18T16:47:21-07:00,0,18
global.js,32,js,f4e3ce5b,kyle-flores,2025-04-18,16:47:21,-07:00,2025-04-18T16:47:21-07:00,0,9
global.js,33,js,f4e3ce5b,kyle-flores,2025-04-18,16:47:21,-07:00,2025-04-18T16:47:21-07:00,0,59
global.js,34,js,f4e3ce5b,kyle-flores,2025-04-18,16:47:21,-07:00,2025-04-18T16:47:21-07:00,0,1
global.js,35,js,f4e3ce5b,kyle-flores,2025-04-18,16:47:21,-07:00,2025-04-18T16:47:21-07:00,0,0
global.js,36,js,f4e3ce5b,kyle-flores,2025-04-18,16:47:21,-07:00,2025-04-18T16:47:21-07:00,0,53
global.js,37,js,f4e3ce5b,kyle-flores,2025-04-18,16:47:21,-07:00,2025-04-18T16:47:21-07:00,0,0
global.js,38,js,f4e3ce5b,kyle-flores,2025-04-18,16:47:21,-07:00,2025-04-18T16:47:21-07:00,0,13
global.js,39,js,f4e3ce5b,kyle-flores,2025-04-18,16:47:21,-07:00,2025-04-18T16:47:21-07:00,0,0
global.js,40,js,f4e3ce5b,kyle-flores,2025-04-18,16:47:21,-07:00,2025-04-18T16:47:21-07:00,0,0
global.js,41,js,f4e3ce5b,kyle-flores,2025-04-18,16:47:21,-07:00,2025-04-18T16:47:21-07:00,0,32
global.js,42,js,f4e3ce5b,kyle-flores,2025-04-18,16:47:21,-07:00,2025-04-18T16:47:21-07:00,0,12
global.js,43,js,f4e3ce5b,kyle-flores,2025-04-18,16:47:21,-07:00,2025-04-18T16:47:21-07:00,0,0
global.js,44,js,f4e3ce5b,kyle-flores,2025-04-18,16:47:21,-07:00,2025-04-18T16:47:21-07:00,0,27
global.js,45,js,f4e3ce5b,kyle-flores,2025-04-18,16:47:21,-07:00,2025-04-18T16:47:21-07:00,0,5
global.js,46,js,f4e3ce5b,kyle-flores,2025-04-18,16:47:21,-07:00,2025-04-18T16:47:21-07:00,0,7
global.js,47,js,f4e3ce5b,kyle-flores,2025-04-18,16:47:21,-07:00,2025-04-18T16:47:21-07:00,0,44
global.js,48,js,f4e3ce5b,kyle-flores,2025-04-18,16:47:21,-07:00,2025-04-18T16:47:21-07:00,0,35
global.js,49,js,f4e3ce5b,kyle-flores,2025-04-18,16:47:21,-07:00,2025-04-18T16:47:21-07:00,0,33
global.js,50,js,f4e3ce5b,kyle-flores,2025-04-18,16:47:21,-07:00,2025-04-18T16:47:21-07:00,0,8
global.js,51,js,f4e3ce5b,kyle-flores,2025-04-18,16:47:21,-07:00,2025-04-18T16:47:21-07:00,0,7
global.js,52,js,f4e3ce5b,kyle-flores,2025-04-18,16:47:21,-07:00,2025-04-18T16:47:21-07:00,0,0
global.js,53,js,f4e3ce5b,kyle-flores,2025-04-18,16:47:21,-07:00,2025-04-18T16:47:21-07:00,0,1
global.js,54,js,f4e3ce5b,kyle-flores,2025-04-18,16:47:21,-07:00,2025-04-18T16:47:21-07:00,0,0
global.js,55,js,f4e3ce5b,kyle-flores,2025-04-18,16:47:21,-07:00,2025-04-18T16:47:21-07:00,0,59
global.js,56,js,f4e3ce5b,kyle-flores,2025-04-18,16:47:21,-07:00,2025-04-18T16:47:21-07:00,0,0
global.js,57,js,f4e3ce5b,kyle-flores,2025-04-18,16:47:21,-07:00,2025-04-18T16:47:21-07:00,0,31
global.js,58,js,f4e3ce5b,kyle-flores,2025-04-18,16:47:21,-07:00,2025-04-18T16:47:21-07:00,0,65
global.js,59,js,f4e3ce5b,kyle-flores,2025-04-18,16:47:21,-07:00,2025-04-18T16:47:21-07:00,0,0
global.js,60,js,f4e3ce5b,kyle-flores,2025-04-18,16:47:21,-07:00,2025-04-18T16:47:21-07:00,0,22
global.js,61,js,f4e3ce5b,kyle-flores,2025-04-18,16:47:21,-07:00,2025-04-18T16:47:21-07:00,0,59
global.js,62,js,f4e3ce5b,kyle-flores,2025-04-18,16:47:21,-07:00,2025-04-18T16:47:21-07:00,0,7
global.js,63,js,f4e3ce5b,kyle-flores,2025-04-18,16:47:21,-07:00,2025-04-18T16:47:21-07:00,0,54
global.js,64,js,f4e3ce5b,kyle-flores,2025-04-18,16:47:21,-07:00,2025-04-18T16:47:21-07:00,0,0
global.js,65,js,f4e3ce5b,kyle-flores,2025-04-18,16:47:21,-07:00,2025-04-18T16:47:21-07:00,0,0
global.js,66,js,f4e3ce5b,kyle-flores,2025-04-18,16:47:21,-07:00,2025-04-18T16:47:21-07:00,0,0
global.js,67,js,f4e3ce5b,kyle-flores,2025-04-18,16:47:21,-07:00,2025-04-18T16:47:21-07:00,0,35
global.js,68,js,f4e3ce5b,kyle-flores,2025-04-18,16:47:21,-07:00,2025-04-18T16:47:21-07:00,0,40
global.js,69,js,f4e3ce5b,kyle-flores,2025-04-18,16:47:21,-07:00,2025-04-18T16:47:21-07:00,0,39
global.js,70,js,f4e3ce5b,kyle-flores,2025-04-18,16:47:21,-07:00,2025-04-18T16:47:21-07:00,0,0
global.js,71,js,f4e3ce5b,kyle-flores,2025-04-18,16:47:21,-07:00,2025-04-18T16:47:21-07:00,0,0
global.js,72,js,f4e3ce5b,kyle-flores,2025-04-18,16:47:21,-07:00,2025-04-18T16:47:21-07:00,0,50
global.js,73,js,f4e3ce5b,kyle-flores,2025-04-18,16:47:21,-07:00,2025-04-18T16:47:21-07:00,0,32
global.js,74,js,f4e3ce5b,kyle-flores,2025-04-18,16:47:21,-07:00,2025-04-18T16:47:21-07:00,0,0
global.js,75,js,f4e3ce5b,kyle-flores,2025-04-18,16:47:21,-07:00,2025-04-18T16:47:21-07:00,0,32
global.js,76,js,f4e3ce5b,kyle-flores,2025-04-18,16:47:21,-07:00,2025-04-18T16:47:21-07:00,0,0
global.js,77,js,f4e3ce5b,kyle-flores,2025-04-18,16:47:21,-07:00,2025-04-18T16:47:21-07:00,0,21
global.js,78,js,f4e3ce5b,kyle-flores,2025-04-18,16:47:21,-07:00,2025-04-18T16:47:21-07:00,0,0
global.js,79,js,f4e3ce5b,kyle-flores,2025-04-18,16:47:21,-07:00,2025-04-18T16:47:21-07:00,0,46
global.js,80,js,f4e3ce5b,kyle-flores,2025-04-18,16:47:21,-07:00,2025-04-18T16:47:21-07:00,0,2
global.js,81,js,f4e3ce5b,kyle-flores,2025-04-18,16:47:21,-07:00,2025-04-18T16:47:21-07:00,0,0
global.js,82,js,a162d5a2,kyle-flores,2025-04-25,18:51:41,-07:00,2025-04-25T18:51:41-07:00,0,37
global.js,83,js,a162d5a2,kyle-flores,2025-04-25,18:51:41,-07:00,2025-04-25T18:51:41-07:00,0,4
global.js,84,js,a162d5a2,kyle-flores,2025-04-25,18:51:41,-07:00,2025-04-25T18:51:41-07:00,0,40
global.js,85,js,a162d5a2,kyle-flores,2025-04-25,18:51:41,-07:00,2025-04-25T18:51:41-07:00,0,33
global.js,86,js,a162d5a2,kyle-flores,2025-04-25,18:51:41,-07:00,2025-04-25T18:51:41-07:00,0,18
global.js,87,js,a162d5a2,kyle-flores,2025-04-25,18:51:41,-07:00,2025-04-25T18:51:41-07:00,0,67
global.js,88,js,a162d5a2,kyle-flores,2025-04-25,18:51:41,-07:00,2025-04-25T18:51:41-07:00,0,0
global.js,89,js,a162d5a2,kyle-flores,2025-04-25,18:51:41,-07:00,2025-04-25T18:51:41-07:00,0,34
global.js,90,js,a162d5a2,kyle-flores,2025-04-25,18:51:41,-07:00,2025-04-25T18:51:41-07:00,0,11
global.js,91,js,a162d5a2,kyle-flores,2025-04-25,18:51:41,-07:00,2025-04-25T18:51:41-07:00,0,16
global.js,92,js,a162d5a2,kyle-flores,2025-04-25,18:51:41,-07:00,2025-04-25T18:51:41-07:00,0,60
global.js,93,js,a162d5a2,kyle-flores,2025-04-25,18:51:41,-07:00,2025-04-25T18:51:41-07:00,0,0
global.js,94,js,a162d5a2,kyle-flores,2025-04-25,18:51:41,-07:00,2025-04-25T18:51:41-07:00,0,0
global.js,95,js,f4e3ce5b,kyle-flores,2025-04-18,16:47:21,-07:00,2025-04-18T16:47:21-07:00,0,0
global.js,96,js,a162d5a2,kyle-flores,2025-04-25,18:51:41,-07:00,2025-04-25T18:51:41-07:00,0,80
global.js,97,js,a162d5a2,kyle-flores,2025-04-25,18:51:41,-07:00,2025-04-25T18:51:41-07:00,0,24
global.js,98,js,a162d5a2,kyle-flores,2025-04-25,18:51:41,-07:00,2025-04-25T18:51:41-07:00,0,31
global.js,99,js,f4e3ce5b,kyle-flores,2025-04-18,16:47:21,-07:00,2025-04-18T16:47:21-07:00,0,0
global.js,100,js,a162d5a2,kyle-flores,2025-04-25,18:51:41,-07:00,2025-04-25T18:51:41-07:00,0,40
global.js,101,js,a162d5a2,kyle-flores,2025-04-25,18:51:41,-07:00,2025-04-25T18:51:41-07:00,0,49
global.js,102,js,a162d5a2,kyle-flores,2025-04-25,18:51:41,-07:00,2025-04-25T18:51:41-07:00,0,6
global.js,103,js,a162d5a2,kyle-flores,2025-04-25,18:51:41,-07:00,2025-04-25T18:51:41-07:00,0,0
global.js,104,js,f4e3ce5b,kyle-flores,2025-04-18,16:47:21,-07:00,2025-04-18T16:47:21-07:00,0,0
global.js,105,js,a162d5a2,kyle-flores,2025-04-25,18:51:41,-07:00,2025-04-25T18:51:41-07:00,0,30
global.js,106,js,a162d5a2,kyle-flores,2025-04-25,18:51:41,-07:00,2025-04-25T18:51:41-07:00,0,49
global.js,107,js,a162d5a2,kyle-flores,2025-04-25,18:51:41,-07:00,2025-04-25T18:51:41-07:00,0,20
global.js,108,js,a162d5a2,kyle-flores,2025-04-25,18:51:41,-07:00,2025-04-25T18:51:41-07:00,0,50
global.js,109,js,a162d5a2,kyle-flores,2025-04-25,18:51:41,-07:00,2025-04-25T18:51:41-07:00,0,42
global.js,110,js,a162d5a2,kyle-flores,2025-04-25,18:51:41,-07:00,2025-04-25T18:51:41-07:00,0,50
global.js,111,js,a162d5a2,kyle-flores,2025-04-25,18:51:41,-07:00,2025-04-25T18:51:41-07:00,0,129
global.js,112,js,a162d5a2,kyle-flores,2025-04-25,18:51:41,-07:00,2025-04-25T18:51:41-07:00,0,56
global.js,113,js,a162d5a2,kyle-flores,2025-04-25,18:51:41,-07:00,2025-04-25T18:51:41-07:00,0,1
global.js,114,js,a162d5a2,kyle-flores,2025-04-25,18:51:41,-07:00,2025-04-25T18:51:41-07:00,0,37
global.js,115,js,a162d5a2,kyle-flores,2025-04-25,18:51:41,-07:00,2025-04-25T18:51:41-07:00,0,2
global.js,116,js,a162d5a2,kyle-flores,2025-04-25,18:51:41,-07:00,2025-04-25T18:51:41-07:00,0,0
global.js,117,js,f4e3ce5b,kyle-flores,2025-04-18,16:47:21,-07:00,2025-04-18T16:47:21-07:00,0,0
global.js,118,js,a162d5a2,kyle-flores,2025-04-25,18:51:41,-07:00,2025-04-25T18:51:41-07:00,0,48
global.js,119,js,a162d5a2,kyle-flores,2025-04-25,18:51:41,-07:00,2025-04-25T18:51:41-07:00,0,60
global.js,120,js,a162d5a2,kyle-flores,2025-04-25,18:51:41,-07:00,2025-04-25T18:51:41-07:00,0,0
resume\index.html,1,html,5e616777,kyle-flores,2025-04-04,15:46:07,-07:00,2025-04-04T15:46:07-07:00,0,14
resume\index.html,2,html,5e616777,kyle-flores,2025-04-04,15:46:07,-07:00,2025-04-04T15:46:07-07:00,0,15
resume\index.html,3,html,5e616777,kyle-flores,2025-04-04,15:46:07,-07:00,2025-04-04T15:46:07-07:00,0,5
resume\index.html,4,html,c175c5e3,kyle-flores,2025-04-11,15:31:09,-07:00,2025-04-11T15:31:09-07:00,0,23
resume\index.html,5,html,c175c5e3,kyle-flores,2025-04-11,15:31:09,-07:00,2025-04-11T15:31:09-07:00,0,71
resume\index.html,6,html,c175c5e3,kyle-flores,2025-04-11,15:31:09,-07:00,2025-04-11T15:31:09-07:00,0,20
resume\index.html,7,html,c175c5e3,kyle-flores,2025-04-11,15:31:09,-07:00,2025-04-11T15:31:09-07:00,0,44
resume\index.html,8,html,c175c5e3,kyle-flores,2025-04-11,15:31:09,-07:00,2025-04-11T15:31:09-07:00,0,105
resume\index.html,9,html,f4e3ce5b,kyle-flores,2025-04-18,16:47:21,-07:00,2025-04-18T16:47:21-07:00,0,49
resume\index.html,10,html,5e616777,kyle-flores,2025-04-04,15:46:07,-07:00,2025-04-04T15:46:07-07:00,0,6
resume\index.html,11,html,5e616777,kyle-flores,2025-04-04,15:46:07,-07:00,2025-04-04T15:46:07-07:00,0,5
resume\index.html,12,html,f4e3ce5b,kyle-flores,2025-04-18,16:47:21,-07:00,2025-04-18T16:47:21-07:00,0,9
resume\index.html,13,html,c175c5e3,kyle-flores,2025-04-11,15:31:09,-07:00,2025-04-11T15:31:09-07:00,0,31
resume\index.html,14,html,c175c5e3,kyle-flores,2025-04-11,15:31:09,-07:00,2025-04-11T15:31:09-07:00,0,44
resume\index.html,15,html,c175c5e3,kyle-flores,2025-04-11,15:31:09,-07:00,2025-04-11T15:31:09-07:00,0,42
resume\index.html,16,html,f4e3ce5b,kyle-flores,2025-04-18,16:47:21,-07:00,2025-04-18T16:47:21-07:00,0,31
resume\index.html,17,html,c175c5e3,kyle-flores,2025-04-11,15:31:09,-07:00,2025-04-11T15:31:09-07:00,0,64
resume\index.html,18,html,f4e3ce5b,kyle-flores,2025-04-18,16:47:21,-07:00,2025-04-18T16:47:21-07:00,0,9
resume\index.html,19,html,5e616777,kyle-flores,2025-04-04,15:46:07,-07:00,2025-04-04T15:46:07-07:00,0,0
resume\index.html,20,html,c175c5e3,kyle-flores,2025-04-11,15:31:09,-07:00,2025-04-11T15:31:09-07:00,0,29
resume\index.html,21,html,5e616777,kyle-flores,2025-04-04,15:46:07,-07:00,2025-04-04T15:46:07-07:00,0,19
resume\index.html,22,html,c175c5e3,kyle-flores,2025-04-11,15:31:09,-07:00,2025-04-11T15:31:09-07:00,0,23
resume\index.html,23,html,c175c5e3,kyle-flores,2025-04-11,15:31:09,-07:00,2025-04-11T15:31:09-07:00,0,44
resume\index.html,24,html,c175c5e3,kyle-flores,2025-04-11,15:31:09,-07:00,2025-04-11T15:31:09-07:00,0,113
resume\index.html,25,html,c175c5e3,kyle-flores,2025-04-11,15:31:09,-07:00,2025-04-11T15:31:09-07:00,0,122
resume\index.html,26,html,c175c5e3,kyle-flores,2025-04-11,15:31:09,-07:00,2025-04-11T15:31:09-07:00,0,111
resume\index.html,27,html,c175c5e3,kyle-flores,2025-04-11,15:31:09,-07:00,2025-04-11T15:31:09-07:00,0,3
resume\index.html,28,html,c175c5e3,kyle-flores,2025-04-11,15:31:09,-07:00,2025-04-11T15:31:09-07:00,0,8
resume\index.html,29,html,5e616777,kyle-flores,2025-04-04,15:46:07,-07:00,2025-04-04T15:46:07-07:00,0,0
resume\index.html,30,html,5e616777,kyle-flores,2025-04-04,15:46:07,-07:00,2025-04-04T15:46:07-07:00,0,8
resume\index.html,31,html,5e616777,kyle-flores,2025-04-04,15:46:07,-07:00,2025-04-04T15:46:07-07:00,0,17
resume\index.html,32,html,5e616777,kyle-flores,2025-04-04,15:46:07,-07:00,2025-04-04T15:46:07-07:00,0,8
resume\index.html,33,html,c175c5e3,kyle-flores,2025-04-11,15:31:09,-07:00,2025-04-11T15:31:09-07:00,0,25
resume\index.html,34,html,c175c5e3,kyle-flores,2025-04-11,15:31:09,-07:00,2025-04-11T15:31:09-07:00,0,42
resume\index.html,35,html,c175c5e3,kyle-flores,2025-04-11,15:31:09,-07:00,2025-04-11T15:31:09-07:00,0,65
resume\index.html,36,html,c175c5e3,kyle-flores,2025-04-11,15:31:09,-07:00,2025-04-11T15:31:09-07:00,0,5
resume\index.html,37,html,5e616777,kyle-flores,2025-04-04,15:46:07,-07:00,2025-04-04T15:46:07-07:00,0,70
resume\index.html,38,html,5e616777,kyle-flores,2025-04-04,15:46:07,-07:00,2025-04-04T15:46:07-07:00,0,233
resume\index.html,39,html,5e616777,kyle-flores,2025-04-04,15:46:07,-07:00,2025-04-04T15:46:07-07:00,0,9
resume\index.html,40,html,5e616777,kyle-flores,2025-04-04,15:46:07,-07:00,2025-04-04T15:46:07-07:00,0,9
resume\index.html,41,html,5e616777,kyle-flores,2025-04-04,15:46:07,-07:00,2025-04-04T15:46:07-07:00,0,0
resume\index.html,42,html,5e616777,kyle-flores,2025-04-04,15:46:07,-07:00,2025-04-04T15:46:07-07:00,0,8
resume\index.html,43,html,5e616777,kyle-flores,2025-04-04,15:46:07,-07:00,2025-04-04T15:46:07-07:00,0,24
resume\index.html,44,html,5e616777,kyle-flores,2025-04-04,15:46:07,-07:00,2025-04-04T15:46:07-07:00,0,3
resume\index.html,45,html,5e616777,kyle-flores,2025-04-04,15:46:07,-07:00,2025-04-04T15:46:07-07:00,0,134
resume\index.html,46,html,5e616777,kyle-flores,2025-04-04,15:46:07,-07:00,2025-04-04T15:46:07-07:00,0,113
resume\index.html,47,html,5e616777,kyle-flores,2025-04-04,15:46:07,-07:00,2025-04-04T15:46:07-07:00,0,4
resume\index.html,48,html,5e616777,kyle-flores,2025-04-04,15:46:07,-07:00,2025-04-04T15:46:07-07:00,0,9
resume\index.html,49,html,5e616777,kyle-flores,2025-04-04,15:46:07,-07:00,2025-04-04T15:46:07-07:00,0,0
resume\index.html,50,html,5e616777,kyle-flores,2025-04-04,15:46:07,-07:00,2025-04-04T15:46:07-07:00,0,8
resume\index.html,51,html,5e616777,kyle-flores,2025-04-04,15:46:07,-07:00,2025-04-04T15:46:07-07:00,0,18
resume\index.html,52,html,5e616777,kyle-flores,2025-04-04,15:46:07,-07:00,2025-04-04T15:46:07-07:00,0,0
resume\index.html,53,html,5e616777,kyle-flores,2025-04-04,15:46:07,-07:00,2025-04-04T15:46:07-07:00,0,8
resume\index.html,54,html,c175c5e3,kyle-flores,2025-04-11,15:31:09,-07:00,2025-04-11T15:31:09-07:00,0,25
resume\index.html,55,html,c175c5e3,kyle-flores,2025-04-11,15:31:09,-07:00,2025-04-11T15:31:09-07:00,0,56
resume\index.html,56,html,c175c5e3,kyle-flores,2025-04-11,15:31:09,-07:00,2025-04-11T15:31:09-07:00,0,77
resume\index.html,57,html,c175c5e3,kyle-flores,2025-04-11,15:31:09,-07:00,2025-04-11T15:31:09-07:00,0,5
resume\index.html,58,html,5e616777,kyle-flores,2025-04-04,15:46:07,-07:00,2025-04-04T15:46:07-07:00,0,3
resume\index.html,59,html,5e616777,kyle-flores,2025-04-04,15:46:07,-07:00,2025-04-04T15:46:07-07:00,0,102
resume\index.html,60,html,5e616777,kyle-flores,2025-04-04,15:46:07,-07:00,2025-04-04T15:46:07-07:00,0,111
resume\index.html,61,html,5e616777,kyle-flores,2025-04-04,15:46:07,-07:00,2025-04-04T15:46:07-07:00,0,101
resume\index.html,62,html,5e616777,kyle-flores,2025-04-04,15:46:07,-07:00,2025-04-04T15:46:07-07:00,0,85
resume\index.html,63,html,5e616777,kyle-flores,2025-04-04,15:46:07,-07:00,2025-04-04T15:46:07-07:00,0,4
resume\index.html,64,html,5e616777,kyle-flores,2025-04-04,15:46:07,-07:00,2025-04-04T15:46:07-07:00,0,9
resume\index.html,65,html,5e616777,kyle-flores,2025-04-04,15:46:07,-07:00,2025-04-04T15:46:07-07:00,0,0
resume\index.html,66,html,5e616777,kyle-flores,2025-04-04,15:46:07,-07:00,2025-04-04T15:46:07-07:00,0,8
resume\index.html,67,html,c175c5e3,kyle-flores,2025-04-11,15:31:09,-07:00,2025-04-11T15:31:09-07:00,0,25
resume\index.html,68,html,c175c5e3,kyle-flores,2025-04-11,15:31:09,-07:00,2025-04-11T15:31:09-07:00,0,72
resume\index.html,69,html,c175c5e3,kyle-flores,2025-04-11,15:31:09,-07:00,2025-04-11T15:31:09-07:00,0,79
resume\index.html,70,html,c175c5e3,kyle-flores,2025-04-11,15:31:09,-07:00,2025-04-11T15:31:09-07:00,0,5
resume\index.html,71,html,5e616777,kyle-flores,2025-04-04,15:46:07,-07:00,2025-04-04T15:46:07-07:00,0,3
resume\index.html,72,html,5e616777,kyle-flores,2025-04-04,15:46:07,-07:00,2025-04-04T15:46:07-07:00,0,84
resume\index.html,73,html,5e616777,kyle-flores,2025-04-04,15:46:07,-07:00,2025-04-04T15:46:07-07:00,0,101
resume\index.html,74,html,5e616777,kyle-flores,2025-04-04,15:46:07,-07:00,2025-04-04T15:46:07-07:00,0,4
resume\index.html,75,html,5e616777,kyle-flores,2025-04-04,15:46:07,-07:00,2025-04-04T15:46:07-07:00,0,9
resume\index.html,76,html,5e616777,kyle-flores,2025-04-04,15:46:07,-07:00,2025-04-04T15:46:07-07:00,0,0
resume\index.html,77,html,5e616777,kyle-flores,2025-04-04,15:46:07,-07:00,2025-04-04T15:46:07-07:00,0,8
resume\index.html,78,html,c175c5e3,kyle-flores,2025-04-11,15:31:09,-07:00,2025-04-11T15:31:09-07:00,0,25
resume\index.html,79,html,c175c5e3,kyle-flores,2025-04-11,15:31:09,-07:00,2025-04-11T15:31:09-07:00,0,70
resume\index.html,80,html,c175c5e3,kyle-flores,2025-04-11,15:31:09,-07:00,2025-04-11T15:31:09-07:00,0,78
resume\index.html,81,html,c175c5e3,kyle-flores,2025-04-11,15:31:09,-07:00,2025-04-11T15:31:09-07:00,0,5
resume\index.html,82,html,5e616777,kyle-flores,2025-04-04,15:46:07,-07:00,2025-04-04T15:46:07-07:00,0,3
resume\index.html,83,html,5e616777,kyle-flores,2025-04-04,15:46:07,-07:00,2025-04-04T15:46:07-07:00,0,94
resume\index.html,84,html,5e616777,kyle-flores,2025-04-04,15:46:07,-07:00,2025-04-04T15:46:07-07:00,0,70
resume\index.html,85,html,5e616777,kyle-flores,2025-04-04,15:46:07,-07:00,2025-04-04T15:46:07-07:00,0,90
resume\index.html,86,html,5e616777,kyle-flores,2025-04-04,15:46:07,-07:00,2025-04-04T15:46:07-07:00,0,4
resume\index.html,87,html,5e616777,kyle-flores,2025-04-04,15:46:07,-07:00,2025-04-04T15:46:07-07:00,0,9
resume\index.html,88,html,5e616777,kyle-flores,2025-04-04,15:46:07,-07:00,2025-04-04T15:46:07-07:00,0,9
resume\index.html,89,html,5e616777,kyle-flores,2025-04-04,15:46:07,-07:00,2025-04-04T15:46:07-07:00,0,0
resume\index.html,90,html,5e616777,kyle-flores,2025-04-04,15:46:07,-07:00,2025-04-04T15:46:07-07:00,0,8
resume\index.html,91,html,5e616777,kyle-flores,2025-04-04,15:46:07,-07:00,2025-04-04T15:46:07-07:00,0,16
resume\index.html,92,html,5e616777,kyle-flores,2025-04-04,15:46:07,-07:00,2025-04-04T15:46:07-07:00,0,0
resume\index.html,93,html,5e616777,kyle-flores,2025-04-04,15:46:07,-07:00,2025-04-04T15:46:07-07:00,0,8
resume\index.html,94,html,c175c5e3,kyle-flores,2025-04-11,15:31:09,-07:00,2025-04-11T15:31:09-07:00,0,25
resume\index.html,95,html,c175c5e3,kyle-flores,2025-04-11,15:31:09,-07:00,2025-04-11T15:31:09-07:00,0,43
resume\index.html,96,html,c175c5e3,kyle-flores,2025-04-11,15:31:09,-07:00,2025-04-11T15:31:09-07:00,0,52
resume\index.html,97,html,c175c5e3,kyle-flores,2025-04-11,15:31:09,-07:00,2025-04-11T15:31:09-07:00,0,5
resume\index.html,98,html,c175c5e3,kyle-flores,2025-04-11,15:31:09,-07:00,2025-04-11T15:31:09-07:00,0,68
resume\index.html,99,html,5e616777,kyle-flores,2025-04-04,15:46:07,-07:00,2025-04-04T15:46:07-07:00,0,3
resume\index.html,100,html,5e616777,kyle-flores,2025-04-04,15:46:07,-07:00,2025-04-04T15:46:07-07:00,0,96
resume\index.html,101,html,5e616777,kyle-flores,2025-04-04,15:46:07,-07:00,2025-04-04T15:46:07-07:00,0,80
resume\index.html,102,html,5e616777,kyle-flores,2025-04-04,15:46:07,-07:00,2025-04-04T15:46:07-07:00,0,4
resume\index.html,103,html,5e616777,kyle-flores,2025-04-04,15:46:07,-07:00,2025-04-04T15:46:07-07:00,0,9
resume\index.html,104,html,5e616777,kyle-flores,2025-04-04,15:46:07,-07:00,2025-04-04T15:46:07-07:00,0,0
resume\index.html,105,html,5e616777,kyle-flores,2025-04-04,15:46:07,-07:00,2025-04-04T15:46:07-07:00,0,8
resume\index.html,106,html,c175c5e3,kyle-flores,2025-04-11,15:31:09,-07:00,2025-04-11T15:31:09-07:00,0,25
resume\index.html,107,html,c175c5e3,kyle-flores,2025-04-11,15:31:09,-07:00,2025-04-11T15:31:09-07:00,0,49
resume\index.html,108,html,c175c5e3,kyle-flores,2025-04-11,15:31:09,-07:00,2025-04-11T15:31:09-07:00,0,52
resume\index.html,109,html,c175c5e3,kyle-flores,2025-04-11,15:31:09,-07:00,2025-04-11T15:31:09-07:00,0,5
resume\index.html,110,html,c175c5e3,kyle-flores,2025-04-11,15:31:09,-07:00,2025-04-11T15:31:09-07:00,0,66
resume\index.html,111,html,5e616777,kyle-flores,2025-04-04,15:46:07,-07:00,2025-04-04T15:46:07-07:00,0,3
resume\index.html,112,html,5e616777,kyle-flores,2025-04-04,15:46:07,-07:00,2025-04-04T15:46:07-07:00,0,103
resume\index.html,113,html,5e616777,kyle-flores,2025-04-04,15:46:07,-07:00,2025-04-04T15:46:07-07:00,0,80
resume\index.html,114,html,5e616777,kyle-flores,2025-04-04,15:46:07,-07:00,2025-04-04T15:46:07-07:00,0,4
resume\index.html,115,html,5e616777,kyle-flores,2025-04-04,15:46:07,-07:00,2025-04-04T15:46:07-07:00,0,9
resume\index.html,116,html,5e616777,kyle-flores,2025-04-04,15:46:07,-07:00,2025-04-04T15:46:07-07:00,0,0
resume\index.html,117,html,5e616777,kyle-flores,2025-04-04,15:46:07,-07:00,2025-04-04T15:46:07-07:00,0,8
resume\index.html,118,html,c175c5e3,kyle-flores,2025-04-11,15:31:09,-07:00,2025-04-11T15:31:09-07:00,0,25
resume\index.html,119,html,c175c5e3,kyle-flores,2025-04-11,15:31:09,-07:00,2025-04-11T15:31:09-07:00,0,29
resume\index.html,120,html,c175c5e3,kyle-flores,2025-04-11,15:31:09,-07:00,2025-04-11T15:31:09-07:00,0,52
resume\index.html,121,html,c175c5e3,kyle-flores,2025-04-11,15:31:09,-07:00,2025-04-11T15:31:09-07:00,0,5
resume\index.html,122,html,c175c5e3,kyle-flores,2025-04-11,15:31:09,-07:00,2025-04-11T15:31:09-07:00,0,67
resume\index.html,123,html,5e616777,kyle-flores,2025-04-04,15:46:07,-07:00,2025-04-04T15:46:07-07:00,0,3
resume\index.html,124,html,5e616777,kyle-flores,2025-04-04,15:46:07,-07:00,2025-04-04T15:46:07-07:00,0,100
resume\index.html,125,html,5e616777,kyle-flores,2025-04-04,15:46:07,-07:00,2025-04-04T15:46:07-07:00,0,77
resume\index.html,126,html,5e616777,kyle-flores,2025-04-04,15:46:07,-07:00,2025-04-04T15:46:07-07:00,0,4
resume\index.html,127,html,5e616777,kyle-flores,2025-04-04,15:46:07,-07:00,2025-04-04T15:46:07-07:00,0,9
resume\index.html,128,html,5e616777,kyle-flores,2025-04-04,15:46:07,-07:00,2025-04-04T15:46:07-07:00,0,9
resume\index.html,129,html,f4e3ce5b,kyle-flores,2025-04-18,16:47:21,-07:00,2025-04-18T16:47:21-07:00,0,49
resume\index.html,130,html,5e616777,kyle-flores,2025-04-04,15:46:07,-07:00,2025-04-04T15:46:07-07:00,0,0
resume\index.html,131,html,5e616777,kyle-flores,2025-04-04,15:46:07,-07:00,2025-04-04T15:46:07-07:00,0,6
resume\index.html,132,html,c175c5e3,kyle-flores,2025-04-11,15:31:09,-07:00,2025-04-11T15:31:09-07:00,0,6
projects\projects.js,1,js,a162d5a2,kyle-flores,2025-04-25,18:51:41,-07:00,2025-04-25T18:51:41-07:00,0,56
projects\projects.js,2,js,baa5cece,kyle-flores,2025-05-03,10:38:43,-07:00,2025-05-03T10:38:43-07:00,0,64
projects\projects.js,3,js,a162d5a2,kyle-flores,2025-04-25,18:51:41,-07:00,2025-04-25T18:51:41-07:00,0,0
projects\projects.js,4,js,a162d5a2,kyle-flores,2025-04-25,18:51:41,-07:00,2025-04-25T18:51:41-07:00,0,56
projects\projects.js,5,js,baa5cece,kyle-flores,2025-05-03,10:38:43,-07:00,2025-05-03T10:38:43-07:00,0,0
projects\projects.js,6,js,a162d5a2,kyle-flores,2025-04-25,18:51:41,-07:00,2025-04-25T18:51:41-07:00,0,61
projects\projects.js,7,js,a162d5a2,kyle-flores,2025-04-25,18:51:41,-07:00,2025-04-25T18:51:41-07:00,0,49
projects\projects.js,8,js,a162d5a2,kyle-flores,2025-04-25,18:51:41,-07:00,2025-04-25T18:51:41-07:00,0,0
projects\projects.js,9,js,a162d5a2,kyle-flores,2025-04-25,18:51:41,-07:00,2025-04-25T18:51:41-07:00,0,62
projects\projects.js,10,js,baa5cece,kyle-flores,2025-05-03,10:38:43,-07:00,2025-05-03T10:38:43-07:00,0,56
projects\projects.js,11,js,baa5cece,kyle-flores,2025-05-03,10:38:43,-07:00,2025-05-03T10:38:43-07:00,0,0
projects\projects.js,12,js,baa5cece,kyle-flores,2025-05-03,10:38:43,-07:00,2025-05-03T10:38:43-07:00,0,14
projects\projects.js,13,js,baa5cece,kyle-flores,2025-05-03,10:38:43,-07:00,2025-05-03T10:38:43-07:00,0,22
projects\projects.js,14,js,baa5cece,kyle-flores,2025-05-03,10:38:43,-07:00,2025-05-03T10:38:43-07:00,0,0
projects\projects.js,15,js,baa5cece,kyle-flores,2025-05-03,10:38:43,-07:00,2025-05-03T10:38:43-07:00,0,56
projects\projects.js,16,js,baa5cece,kyle-flores,2025-05-03,10:38:43,-07:00,2025-05-03T10:38:43-07:00,0,0
projects\projects.js,17,js,baa5cece,kyle-flores,2025-05-03,10:38:43,-07:00,2025-05-03T10:38:43-07:00,0,49
projects\projects.js,18,js,baa5cece,kyle-flores,2025-05-03,10:38:43,-07:00,2025-05-03T10:38:43-07:00,0,26
projects\projects.js,19,js,baa5cece,kyle-flores,2025-05-03,10:38:43,-07:00,2025-05-03T10:38:43-07:00,0,0
projects\projects.js,20,js,baa5cece,kyle-flores,2025-05-03,10:38:43,-07:00,2025-05-03T10:38:43-07:00,0,52
projects\projects.js,21,js,baa5cece,kyle-flores,2025-05-03,10:38:43,-07:00,2025-05-03T10:38:43-07:00,0,60
projects\projects.js,22,js,baa5cece,kyle-flores,2025-05-03,10:38:43,-07:00,2025-05-03T10:38:43-07:00,0,43
projects\projects.js,23,js,baa5cece,kyle-flores,2025-05-03,10:38:43,-07:00,2025-05-03T10:38:43-07:00,0,2
projects\projects.js,24,js,baa5cece,kyle-flores,2025-05-03,10:38:43,-07:00,2025-05-03T10:38:43-07:00,0,0
projects\projects.js,25,js,baa5cece,kyle-flores,2025-05-03,10:38:43,-07:00,2025-05-03T10:38:43-07:00,0,57
projects\projects.js,26,js,baa5cece,kyle-flores,2025-05-03,10:38:43,-07:00,2025-05-03T10:38:43-07:00,0,32
projects\projects.js,27,js,baa5cece,kyle-flores,2025-05-03,10:38:43,-07:00,2025-05-03T10:38:43-07:00,0,2
projects\projects.js,28,js,baa5cece,kyle-flores,2025-05-03,10:38:43,-07:00,2025-05-03T10:38:43-07:00,0,0
projects\projects.js,29,js,baa5cece,kyle-flores,2025-05-03,10:38:43,-07:00,2025-05-03T10:38:43-07:00,0,39
projects\projects.js,30,js,baa5cece,kyle-flores,2025-05-03,10:38:43,-07:00,2025-05-03T10:38:43-07:00,0,28
projects\projects.js,31,js,baa5cece,kyle-flores,2025-05-03,10:38:43,-07:00,2025-05-03T10:38:43-07:00,0,30
projects\projects.js,32,js,baa5cece,kyle-flores,2025-05-03,10:38:43,-07:00,2025-05-03T10:38:43-07:00,0,0
projects\projects.js,33,js,baa5cece,kyle-flores,2025-05-03,10:38:43,-07:00,2025-05-03T10:38:43-07:00,0,35
projects\projects.js,34,js,baa5cece,kyle-flores,2025-05-03,10:38:43,-07:00,2025-05-03T10:38:43-07:00,0,31
projects\projects.js,35,js,baa5cece,kyle-flores,2025-05-03,10:38:43,-07:00,2025-05-03T10:38:43-07:00,0,0
projects\projects.js,36,js,baa5cece,kyle-flores,2025-05-03,10:38:43,-07:00,2025-05-03T10:38:43-07:00,0,29
projects\projects.js,37,js,baa5cece,kyle-flores,2025-05-03,10:38:43,-07:00,2025-05-03T10:38:43-07:00,0,13
projects\projects.js,38,js,baa5cece,kyle-flores,2025-05-03,10:38:43,-07:00,2025-05-03T10:38:43-07:00,0,15
projects\projects.js,39,js,baa5cece,kyle-flores,2025-05-03,10:38:43,-07:00,2025-05-03T10:38:43-07:00,0,13
projects\projects.js,40,js,baa5cece,kyle-flores,2025-05-03,10:38:43,-07:00,2025-05-03T10:38:43-07:00,0,1
projects\projects.js,41,js,baa5cece,kyle-flores,2025-05-03,10:38:43,-07:00,2025-05-03T10:38:43-07:00,0,0
projects\projects.js,42,js,baa5cece,kyle-flores,2025-05-03,10:38:43,-07:00,2025-05-03T10:38:43-07:00,0,48
projects\projects.js,43,js,baa5cece,kyle-flores,2025-05-03,10:38:43,-07:00,2025-05-03T10:38:43-07:00,0,12
projects\projects.js,44,js,baa5cece,kyle-flores,2025-05-03,10:38:43,-07:00,2025-05-03T10:38:43-07:00,0,11
projects\projects.js,45,js,baa5cece,kyle-flores,2025-05-03,10:38:43,-07:00,2025-05-03T10:38:43-07:00,0,3
projects\projects.js,46,js,baa5cece,kyle-flores,2025-05-03,10:38:43,-07:00,2025-05-03T10:38:43-07:00,0,0
projects\projects.js,47,js,baa5cece,kyle-flores,2025-05-03,10:38:43,-07:00,2025-05-03T10:38:43-07:00,0,60
projects\projects.js,48,js,baa5cece,kyle-flores,2025-05-03,10:38:43,-07:00,2025-05-03T10:38:43-07:00,0,53
projects\projects.js,49,js,baa5cece,kyle-flores,2025-05-03,10:38:43,-07:00,2025-05-03T10:38:43-07:00,0,36
projects\projects.js,50,js,baa5cece,kyle-flores,2025-05-03,10:38:43,-07:00,2025-05-03T10:38:43-07:00,0,48
projects\projects.js,51,js,baa5cece,kyle-flores,2025-05-03,10:38:43,-07:00,2025-05-03T10:38:43-07:00,0,50
projects\projects.js,52,js,baa5cece,kyle-flores,2025-05-03,10:38:43,-07:00,2025-05-03T10:38:43-07:00,0,0
projects\projects.js,53,js,baa5cece,kyle-flores,2025-05-03,10:38:43,-07:00,2025-05-03T10:38:43-07:00,0,25
projects\projects.js,54,js,baa5cece,kyle-flores,2025-05-03,10:38:43,-07:00,2025-05-03T10:38:43-07:00,0,2
projects\projects.js,55,js,baa5cece,kyle-flores,2025-05-03,10:38:43,-07:00,2025-05-03T10:38:43-07:00,0,14
projects\projects.js,56,js,baa5cece,kyle-flores,2025-05-03,10:38:43,-07:00,2025-05-03T10:38:43-07:00,0,14
projects\projects.js,57,js,baa5cece,kyle-flores,2025-05-03,10:38:43,-07:00,2025-05-03T10:38:43-07:00,0,58
projects\projects.js,58,js,baa5cece,kyle-flores,2025-05-03,10:38:43,-07:00,2025-05-03T10:38:43-07:00,0,19
projects\projects.js,59,js,baa5cece,kyle-flores,2025-05-03,10:38:43,-07:00,2025-05-03T10:38:43-07:00,0,44
projects\projects.js,60,js,baa5cece,kyle-flores,2025-05-03,10:38:43,-07:00,2025-05-03T10:38:43-07:00,0,0
projects\projects.js,61,js,baa5cece,kyle-flores,2025-05-03,10:38:43,-07:00,2025-05-03T10:38:43-07:00,0,2
projects\projects.js,62,js,baa5cece,kyle-flores,2025-05-03,10:38:43,-07:00,2025-05-03T10:38:43-07:00,0,17
projects\projects.js,63,js,baa5cece,kyle-flores,2025-05-03,10:38:43,-07:00,2025-05-03T10:38:43-07:00,0,27
projects\projects.js,64,js,baa5cece,kyle-flores,2025-05-03,10:38:43,-07:00,2025-05-03T10:38:43-07:00,0,38
projects\projects.js,65,js,baa5cece,kyle-flores,2025-05-03,10:38:43,-07:00,2025-05-03T10:38:43-07:00,0,2
projects\projects.js,66,js,baa5cece,kyle-flores,2025-05-03,10:38:43,-07:00,2025-05-03T10:38:43-07:00,0,0
projects\projects.js,67,js,baa5cece,kyle-flores,2025-05-03,10:38:43,-07:00,2025-05-03T10:38:43-07:00,0,5
projects\projects.js,68,js,baa5cece,kyle-flores,2025-05-03,10:38:43,-07:00,2025-05-03T10:38:43-07:00,0,15
projects\projects.js,69,js,baa5cece,kyle-flores,2025-05-03,10:38:43,-07:00,2025-05-03T10:38:43-07:00,0,27
projects\projects.js,70,js,baa5cece,kyle-flores,2025-05-03,10:38:43,-07:00,2025-05-03T10:38:43-07:00,0,38
projects\projects.js,71,js,baa5cece,kyle-flores,2025-05-03,10:38:43,-07:00,2025-05-03T10:38:43-07:00,0,1
projects\projects.js,72,js,baa5cece,kyle-flores,2025-05-03,10:38:43,-07:00,2025-05-03T10:38:43-07:00,0,17
projects\projects.js,73,js,baa5cece,kyle-flores,2025-05-03,10:38:43,-07:00,2025-05-03T10:38:43-07:00,0,37
projects\projects.js,74,js,baa5cece,kyle-flores,2025-05-03,10:38:43,-07:00,2025-05-03T10:38:43-07:00,0,46
projects\projects.js,75,js,baa5cece,kyle-flores,2025-05-03,10:38:43,-07:00,2025-05-03T10:38:43-07:00,0,1
projects\projects.js,76,js,baa5cece,kyle-flores,2025-05-03,10:38:43,-07:00,2025-05-03T10:38:43-07:00,0,0
projects\projects.js,77,js,baa5cece,kyle-flores,2025-05-03,10:38:43,-07:00,2025-05-03T10:38:43-07:00,0,26
projects\projects.js,78,js,baa5cece,kyle-flores,2025-05-03,10:38:43,-07:00,2025-05-03T10:38:43-07:00,0,49
projects\projects.js,79,js,baa5cece,kyle-flores,2025-05-03,10:38:43,-07:00,2025-05-03T10:38:43-07:00,0,7
projects\projects.js,80,js,baa5cece,kyle-flores,2025-05-03,10:38:43,-07:00,2025-05-03T10:38:43-07:00,0,44
projects\projects.js,81,js,baa5cece,kyle-flores,2025-05-03,10:38:43,-07:00,2025-05-03T10:38:43-07:00,0,62
projects\projects.js,82,js,baa5cece,kyle-flores,2025-05-03,10:38:43,-07:00,2025-05-03T10:38:43-07:00,0,49
projects\projects.js,83,js,baa5cece,kyle-flores,2025-05-03,10:38:43,-07:00,2025-05-03T10:38:43-07:00,0,0
projects\projects.js,84,js,baa5cece,kyle-flores,2025-05-03,10:38:43,-07:00,2025-05-03T10:38:43-07:00,0,2
projects\projects.js,85,js,baa5cece,kyle-flores,2025-05-03,10:38:43,-07:00,2025-05-03T10:38:43-07:00,0,0
projects\projects.js,86,js,baa5cece,kyle-flores,2025-05-03,10:38:43,-07:00,2025-05-03T10:38:43-07:00,0,2
projects\projects.js,87,js,baa5cece,kyle-flores,2025-05-03,10:38:43,-07:00,2025-05-03T10:38:43-07:00,0,0
projects\projects.js,88,js,baa5cece,kyle-flores,2025-05-03,10:38:43,-07:00,2025-05-03T10:38:43-07:00,0,25
projects\projects.js,89,js,baa5cece,kyle-flores,2025-05-03,10:38:43,-07:00,2025-05-03T10:38:43-07:00,0,18
projects\projects.js,90,js,baa5cece,kyle-flores,2025-05-03,10:38:43,-07:00,2025-05-03T10:38:43-07:00,0,39
projects\projects.js,91,js,baa5cece,kyle-flores,2025-05-03,10:38:43,-07:00,2025-05-03T10:38:43-07:00,0,28
projects\projects.js,92,js,baa5cece,kyle-flores,2025-05-03,10:38:43,-07:00,2025-05-03T10:38:43-07:00,0,70
projects\projects.js,93,js,baa5cece,kyle-flores,2025-05-03,10:38:43,-07:00,2025-05-03T10:38:43-07:00,0,2
projects\projects.js,94,js,baa5cece,kyle-flores,2025-05-03,10:38:43,-07:00,2025-05-03T10:38:43-07:00,0,0
projects\projects.js,95,js,baa5cece,kyle-flores,2025-05-03,10:38:43,-07:00,2025-05-03T10:38:43-07:00,0,0
projects\projects.js,96,js,baa5cece,kyle-flores,2025-05-03,10:38:43,-07:00,2025-05-03T10:38:43-07:00,0,24
projects\index.html,1,html,5e616777,kyle-flores,2025-04-04,15:46:07,-07:00,2025-04-04T15:46:07-07:00,0,14
projects\index.html,2,html,5e616777,kyle-flores,2025-04-04,15:46:07,-07:00,2025-04-04T15:46:07-07:00,0,15
projects\index.html,3,html,5e616777,kyle-flores,2025-04-04,15:46:07,-07:00,2025-04-04T15:46:07-07:00,0,5
projects\index.html,4,html,5e616777,kyle-flores,2025-04-04,15:46:07,-07:00,2025-04-04T15:46:07-07:00,0,21
projects\index.html,5,html,5e616777,kyle-flores,2025-04-04,15:46:07,-07:00,2025-04-04T15:46:07-07:00,0,69
projects\index.html,6,html,5e616777,kyle-flores,2025-04-04,15:46:07,-07:00,2025-04-04T15:46:07-07:00,0,22
projects\index.html,7,html,c175c5e3,kyle-flores,2025-04-11,15:31:09,-07:00,2025-04-11T15:31:09-07:00,0,42
projects\index.html,8,html,f4e3ce5b,kyle-flores,2025-04-18,16:47:21,-07:00,2025-04-18T16:47:21-07:00,0,49
projects\index.html,9,html,5e616777,kyle-flores,2025-04-04,15:46:07,-07:00,2025-04-04T15:46:07-07:00,0,6
projects\index.html,10,html,5e616777,kyle-flores,2025-04-04,15:46:07,-07:00,2025-04-04T15:46:07-07:00,0,5
projects\index.html,11,html,a162d5a2,kyle-flores,2025-04-25,18:51:41,-07:00,2025-04-25T18:51:41-07:00,0,39
projects\index.html,12,html,baa5cece,kyle-flores,2025-05-03,10:38:43,-07:00,2025-05-03T10:38:43-07:00,0,0
projects\index.html,13,html,baa5cece,kyle-flores,2025-05-03,10:38:43,-07:00,2025-05-03T10:38:43-07:00,0,22
projects\index.html,14,html,baa5cece,kyle-flores,2025-05-03,10:38:43,-07:00,2025-05-03T10:38:43-07:00,0,30
projects\index.html,15,html,baa5cece,kyle-flores,2025-05-03,10:38:43,-07:00,2025-05-03T10:38:43-07:00,0,11
projects\index.html,16,html,baa5cece,kyle-flores,2025-05-03,10:38:43,-07:00,2025-05-03T10:38:43-07:00,0,5
projects\index.html,17,html,baa5cece,kyle-flores,2025-05-03,10:38:43,-07:00,2025-05-03T10:38:43-07:00,0,18
projects\index.html,18,html,baa5cece,kyle-flores,2025-05-03,10:38:43,-07:00,2025-05-03T10:38:43-07:00,0,11
projects\index.html,19,html,baa5cece,kyle-flores,2025-05-03,10:38:43,-07:00,2025-05-03T10:38:43-07:00,0,4
projects\index.html,20,html,baa5cece,kyle-flores,2025-05-03,10:38:43,-07:00,2025-05-03T10:38:43-07:00,0,5
projects\index.html,21,html,baa5cece,kyle-flores,2025-05-03,10:38:43,-07:00,2025-05-03T10:38:43-07:00,0,7
projects\index.html,22,html,baa5cece,kyle-flores,2025-05-03,10:38:43,-07:00,2025-05-03T10:38:43-07:00,0,5
projects\index.html,23,html,baa5cece,kyle-flores,2025-05-03,10:38:43,-07:00,2025-05-03T10:38:43-07:00,0,16
projects\index.html,24,html,baa5cece,kyle-flores,2025-05-03,10:38:43,-07:00,2025-05-03T10:38:43-07:00,0,12
projects\index.html,25,html,baa5cece,kyle-flores,2025-05-03,10:38:43,-07:00,2025-05-03T10:38:43-07:00,0,27
projects\index.html,26,html,baa5cece,kyle-flores,2025-05-03,10:38:43,-07:00,2025-05-03T10:38:43-07:00,0,32
projects\index.html,27,html,baa5cece,kyle-flores,2025-05-03,10:38:43,-07:00,2025-05-03T10:38:43-07:00,0,1
projects\index.html,28,html,baa5cece,kyle-flores,2025-05-03,10:38:43,-07:00,2025-05-03T10:38:43-07:00,0,7
projects\index.html,29,html,baa5cece,kyle-flores,2025-05-03,10:38:43,-07:00,2025-05-03T10:38:43-07:00,0,0
projects\index.html,30,html,c175c5e3,kyle-flores,2025-04-11,15:31:09,-07:00,2025-04-11T15:31:09-07:00,0,21
projects\index.html,31,html,baa5cece,kyle-flores,2025-05-03,10:38:43,-07:00,2025-05-03T10:38:43-07:00,0,0
projects\index.html,32,html,f4e3ce5b,kyle-flores,2025-04-18,16:47:21,-07:00,2025-04-18T16:47:21-07:00,0,49
projects\index.html,33,html,a162d5a2,kyle-flores,2025-04-25,18:51:41,-07:00,2025-04-25T18:51:41-07:00,0,49
projects\index.html,34,html,a162d5a2,kyle-flores,2025-04-25,18:51:41,-07:00,2025-04-25T18:51:41-07:00,0,48
projects\index.html,35,html,f4e3ce5b,kyle-flores,2025-04-18,16:47:21,-07:00,2025-04-18T16:47:21-07:00,0,0
projects\index.html,36,html,5e616777,kyle-flores,2025-04-04,15:46:07,-07:00,2025-04-04T15:46:07-07:00,0,6
projects\index.html,37,html,5e616777,kyle-flores,2025-04-04,15:46:07,-07:00,2025-04-04T15:46:07-07:00,0,6
contact\index.html,1,html,5e616777,kyle-flores,2025-04-04,15:46:07,-07:00,2025-04-04T15:46:07-07:00,0,14
contact\index.html,2,html,5e616777,kyle-flores,2025-04-04,15:46:07,-07:00,2025-04-04T15:46:07-07:00,0,15
contact\index.html,3,html,5e616777,kyle-flores,2025-04-04,15:46:07,-07:00,2025-04-04T15:46:07-07:00,0,5
contact\index.html,4,html,5e616777,kyle-flores,2025-04-04,15:46:07,-07:00,2025-04-04T15:46:07-07:00,0,21
contact\index.html,5,html,5e616777,kyle-flores,2025-04-04,15:46:07,-07:00,2025-04-04T15:46:07-07:00,0,69
contact\index.html,6,html,5e616777,kyle-flores,2025-04-04,15:46:07,-07:00,2025-04-04T15:46:07-07:00,0,22
contact\index.html,7,html,c175c5e3,kyle-flores,2025-04-11,15:31:09,-07:00,2025-04-11T15:31:09-07:00,0,42
contact\index.html,8,html,5e616777,kyle-flores,2025-04-04,15:46:07,-07:00,2025-04-04T15:46:07-07:00,0,6
contact\index.html,9,html,5e616777,kyle-flores,2025-04-04,15:46:07,-07:00,2025-04-04T15:46:07-07:00,0,5
contact\index.html,10,html,f4e3ce5b,kyle-flores,2025-04-18,16:47:21,-07:00,2025-04-18T16:47:21-07:00,0,9
contact\index.html,11,html,5e616777,kyle-flores,2025-04-04,15:46:07,-07:00,2025-04-04T15:46:07-07:00,0,31
contact\index.html,12,html,5e616777,kyle-flores,2025-04-04,15:46:07,-07:00,2025-04-04T15:46:07-07:00,0,44
contact\index.html,13,html,f4e3ce5b,kyle-flores,2025-04-18,16:47:21,-07:00,2025-04-18T16:47:21-07:00,0,32
contact\index.html,14,html,5e616777,kyle-flores,2025-04-04,15:46:07,-07:00,2025-04-04T15:46:07-07:00,0,40
contact\index.html,15,html,d18ea74a,kyle-flores,2025-04-04,15:53:38,-07:00,2025-04-04T15:53:38-07:00,0,66
contact\index.html,16,html,f4e3ce5b,kyle-flores,2025-04-18,16:47:21,-07:00,2025-04-18T16:47:21-07:00,0,9
contact\index.html,17,html,5e616777,kyle-flores,2025-04-04,15:46:07,-07:00,2025-04-04T15:46:07-07:00,0,18
contact\index.html,18,html,5e616777,kyle-flores,2025-04-04,15:46:07,-07:00,2025-04-04T15:46:07-07:00,0,0
contact\index.html,19,html,5e616777,kyle-flores,2025-04-04,15:46:07,-07:00,2025-04-04T15:46:07-07:00,0,74
contact\index.html,20,html,5e616777,kyle-flores,2025-04-04,15:46:07,-07:00,2025-04-04T15:46:07-07:00,0,6
contact\index.html,21,html,5e616777,kyle-flores,2025-04-04,15:46:07,-07:00,2025-04-04T15:46:07-07:00,0,10
contact\index.html,22,html,5e616777,kyle-flores,2025-04-04,15:46:07,-07:00,2025-04-04T15:46:07-07:00,0,41
contact\index.html,23,html,5e616777,kyle-flores,2025-04-04,15:46:07,-07:00,2025-04-04T15:46:07-07:00,0,7
contact\index.html,24,html,5e616777,kyle-flores,2025-04-04,15:46:07,-07:00,2025-04-04T15:46:07-07:00,0,0
contact\index.html,25,html,5e616777,kyle-flores,2025-04-04,15:46:07,-07:00,2025-04-04T15:46:07-07:00,0,6
contact\index.html,26,html,5e616777,kyle-flores,2025-04-04,15:46:07,-07:00,2025-04-04T15:46:07-07:00,0,7
contact\index.html,27,html,5e616777,kyle-flores,2025-04-04,15:46:07,-07:00,2025-04-04T15:46:07-07:00,0,30
contact\index.html,28,html,5e616777,kyle-flores,2025-04-04,15:46:07,-07:00,2025-04-04T15:46:07-07:00,0,7
contact\index.html,29,html,5e616777,kyle-flores,2025-04-04,15:46:07,-07:00,2025-04-04T15:46:07-07:00,0,0
contact\index.html,30,html,5e616777,kyle-flores,2025-04-04,15:46:07,-07:00,2025-04-04T15:46:07-07:00,0,6
contact\index.html,31,html,5e616777,kyle-flores,2025-04-04,15:46:07,-07:00,2025-04-04T15:46:07-07:00,0,7
contact\index.html,32,html,5e616777,kyle-flores,2025-04-04,15:46:07,-07:00,2025-04-04T15:46:07-07:00,0,60
contact\index.html,33,html,5e616777,kyle-flores,2025-04-04,15:46:07,-07:00,2025-04-04T15:46:07-07:00,0,7
contact\index.html,34,html,5e616777,kyle-flores,2025-04-04,15:46:07,-07:00,2025-04-04T15:46:07-07:00,0,0
contact\index.html,35,html,5e616777,kyle-flores,2025-04-04,15:46:07,-07:00,2025-04-04T15:46:07-07:00,0,20
contact\index.html,36,html,5e616777,kyle-flores,2025-04-04,15:46:07,-07:00,2025-04-04T15:46:07-07:00,0,6
contact\index.html,37,html,f4e3ce5b,kyle-flores,2025-04-18,16:47:21,-07:00,2025-04-18T16:47:21-07:00,0,49
contact\index.html,38,html,f4e3ce5b,kyle-flores,2025-04-18,16:47:21,-07:00,2025-04-18T16:47:21-07:00,0,0
contact\index.html,39,html,5e616777,kyle-flores,2025-04-04,15:46:07,-07:00,2025-04-04T15:46:07-07:00,0,6
contact\index.html,40,html,5e616777,kyle-flores,2025-04-04,15:46:07,-07:00,2025-04-04T15:46:07-07:00,0,6
